"areaCode","villcode","countyname","countyCode","towncode","townname","villname","area_nickname","liCodeA"
"6500011","65000060001","新北市","65000","65000060","新店區","國豐里","新店區、深坑區、石碇區、坪林區、烏來區",NA
"6500011","65000060002","新北市","65000","65000060","新店區","明德里","新店區、深坑區、石碇區、坪林區、烏來區",NA
"6500011","65000060003","新北市","65000","65000060","新店區","大豐里","新店區、深坑區、石碇區、坪林區、烏來區",NA
"6500011","65000060004","新北市","65000","65000060","新店區","大同里","新店區、深坑區、石碇區、坪林區、烏來區",NA
"6500011","65000060005","新北市","65000","65000060","新店區","江陵里","新店區、深坑區、石碇區、坪林區、烏來區",NA
"6500011","65000060006","新北市","65000","65000060","新店區","寶興里","新店區、深坑區、石碇區、坪林區、烏來區",NA
"6500011","65000060007","新北市","65000","65000060","新店區","寶安里","新店區、深坑區、石碇區、坪林區、烏來區",NA
"6500011","65000060008","新北市","65000","65000060","新店區","信義里","新店區、深坑區、石碇區、坪林區、烏來區",NA
"6500011","65000060009","新北市","65000","65000060","新店區","忠孝里","新店區、深坑區、石碇區、坪林區、烏來區",NA
"6500011","65000060010","新北市","65000","65000060","新店區","大鵬里","新店區、深坑區、石碇區、坪林區、烏來區",NA
"6500011","65000060011","新北市","65000","65000060","新店區","太平里","新店區、深坑區、石碇區、坪林區、烏來區",NA
"6500011","65000060012","新北市","65000","65000060","新店區","頂城里","新店區、深坑區、石碇區、坪林區、烏來區",NA
"6500011","65000060013","新北市","65000","65000060","新店區","下城里","新店區、深坑區、石碇區、坪林區、烏來區",NA
"6500011","65000060014","新北市","65000","65000060","新店區","柴埕里","新店區、深坑區、石碇區、坪林區、烏來區",NA
"6500011","65000060015","新北市","65000","65000060","新店區","永安里","新店區、深坑區、石碇區、坪林區、烏來區",NA
"6500011","65000060016","新北市","65000","65000060","新店區","公崙里","新店區、深坑區、石碇區、坪林區、烏來區",NA
"6500011","65000060017","新北市","65000","65000060","新店區","德安里","新店區、深坑區、石碇區、坪林區、烏來區",NA
"6500011","65000060018","新北市","65000","65000060","新店區","雙城里","新店區、深坑區、石碇區、坪林區、烏來區",NA
"6500011","65000060019","新北市","65000","65000060","新店區","日興里","新店區、深坑區、石碇區、坪林區、烏來區",NA
"6500011","65000060020","新北市","65000","65000060","新店區","玫瑰里","新店區、深坑區、石碇區、坪林區、烏來區",NA
"6500011","65000060021","新北市","65000","65000060","新店區","塗潭里","新店區、深坑區、石碇區、坪林區、烏來區",NA
"6500011","65000060022","新北市","65000","65000060","新店區","美潭里","新店區、深坑區、石碇區、坪林區、烏來區",NA
"6500011","65000060023","新北市","65000","65000060","新店區","員潭里","新店區、深坑區、石碇區、坪林區、烏來區",NA
"6500011","65000060024","新北市","65000","65000060","新店區","雙坑里","新店區、深坑區、石碇區、坪林區、烏來區",NA
"6500011","65000060025","新北市","65000","65000060","新店區","粗坑里","新店區、深坑區、石碇區、坪林區、烏來區",NA
"6500011","65000060026","新北市","65000","65000060","新店區","屈尺里","新店區、深坑區、石碇區、坪林區、烏來區",NA
"6500011","65000060027","新北市","65000","65000060","新店區","龜山里","新店區、深坑區、石碇區、坪林區、烏來區",NA
"6500011","65000060028","新北市","65000","65000060","新店區","廣興里","新店區、深坑區、石碇區、坪林區、烏來區",NA
"6500011","65000060029","新北市","65000","65000060","新店區","直潭里","新店區、深坑區、石碇區、坪林區、烏來區",NA
"6500011","65000060030","新北市","65000","65000060","新店區","青潭里","新店區、深坑區、石碇區、坪林區、烏來區",NA
"6500011","65000060031","新北市","65000","65000060","新店區","新店里","新店區、深坑區、石碇區、坪林區、烏來區",NA
"6500011","65000060032","新北市","65000","65000060","新店區","張南里","新店區、深坑區、石碇區、坪林區、烏來區",NA
"6500011","65000060033","新北市","65000","65000060","新店區","國校里","新店區、深坑區、石碇區、坪林區、烏來區",NA
"6500011","65000060034","新北市","65000","65000060","新店區","文中里","新店區、深坑區、石碇區、坪林區、烏來區",NA
"6500011","65000060035","新北市","65000","65000060","新店區","廣明里","新店區、深坑區、石碇區、坪林區、烏來區",NA
"6500011","65000060036","新北市","65000","65000060","新店區","文明里","新店區、深坑區、石碇區、坪林區、烏來區",NA
"6500011","65000060037","新北市","65000","65000060","新店區","中興里","新店區、深坑區、石碇區、坪林區、烏來區",NA
"6500011","65000060038","新北市","65000","65000060","新店區","新生里","新店區、深坑區、石碇區、坪林區、烏來區",NA
"6500011","65000060039","新北市","65000","65000060","新店區","新德里","新店區、深坑區、石碇區、坪林區、烏來區",NA
"6500011","65000060040","新北市","65000","65000060","新店區","張北里","新店區、深坑區、石碇區、坪林區、烏來區",NA
"6500011","65000060041","新北市","65000","65000060","新店區","五峯里","新店區、深坑區、石碇區、坪林區、烏來區",NA
"6500011","65000060042","新北市","65000","65000060","新店區","新安里","新店區、深坑區、石碇區、坪林區、烏來區",NA
"6500011","65000060043","新北市","65000","65000060","新店區","忠誠里","新店區、深坑區、石碇區、坪林區、烏來區",NA
"6500011","65000060044","新北市","65000","65000060","新店區","中正里","新店區、深坑區、石碇區、坪林區、烏來區",NA
"6500011","65000060045","新北市","65000","65000060","新店區","中華里","新店區、深坑區、石碇區、坪林區、烏來區",NA
"6500011","65000060046","新北市","65000","65000060","新店區","仁愛里","新店區、深坑區、石碇區、坪林區、烏來區",NA
"6500011","65000060047","新北市","65000","65000060","新店區","百忍里","新店區、深坑區、石碇區、坪林區、烏來區",NA
"6500011","65000060048","新北市","65000","65000060","新店區","百和里","新店區、深坑區、石碇區、坪林區、烏來區",NA
"6500011","65000060049","新北市","65000","65000060","新店區","福德里","新店區、深坑區、石碇區、坪林區、烏來區",NA
"6500011","65000060050","新北市","65000","65000060","新店區","百福里","新店區、深坑區、石碇區、坪林區、烏來區",NA
"6500011","65000060051","新北市","65000","65000060","新店區","福民里","新店區、深坑區、石碇區、坪林區、烏來區",NA
"6500011","65000060052","新北市","65000","65000060","新店區","中山里","新店區、深坑區、石碇區、坪林區、烏來區",NA
"6500011","65000060053","新北市","65000","65000060","新店區","和平里","新店區、深坑區、石碇區、坪林區、烏來區",NA
"6500011","65000060054","新北市","65000","65000060","新店區","中央里","新店區、深坑區、石碇區、坪林區、烏來區",NA
"6500011","65000060055","新北市","65000","65000060","新店區","明城里","新店區、深坑區、石碇區、坪林區、烏來區",NA
"6500011","65000060056","新北市","65000","65000060","新店區","安和里","新店區、深坑區、石碇區、坪林區、烏來區",NA
"6500011","65000060057","新北市","65000","65000060","新店區","吉祥里","新店區、深坑區、石碇區、坪林區、烏來區",NA
"6500011","65000060058","新北市","65000","65000060","新店區","寶福里","新店區、深坑區、石碇區、坪林區、烏來區",NA
"6500011","65000060059","新北市","65000","65000060","新店區","小城里","新店區、深坑區、石碇區、坪林區、烏來區",NA
"6500011","65000060060","新北市","65000","65000060","新店區","香坡里","新店區、深坑區、石碇區、坪林區、烏來區",NA
"6500011","65000060061","新北市","65000","65000060","新店區","建國里","新店區、深坑區、石碇區、坪林區、烏來區",NA
"6500011","65000060062","新北市","65000","65000060","新店區","復興里","新店區、深坑區、石碇區、坪林區、烏來區",NA
"6500011","65000060063","新北市","65000","65000060","新店區","美城里","新店區、深坑區、石碇區、坪林區、烏來區",NA
"6500011","65000060064","新北市","65000","65000060","新店區","安昌里","新店區、深坑區、石碇區、坪林區、烏來區",NA
"6500011","65000060065","新北市","65000","65000060","新店區","長春里","新店區、深坑區、石碇區、坪林區、烏來區",NA
"6500011","65000060066","新北市","65000","65000060","新店區","新和里","新店區、深坑區、石碇區、坪林區、烏來區",NA
"6500011","65000060067","新北市","65000","65000060","新店區","永平里","新店區、深坑區、石碇區、坪林區、烏來區",NA
"6500011","65000060068","新北市","65000","65000060","新店區","達觀里","新店區、深坑區、石碇區、坪林區、烏來區",NA
"6500011","65000060069","新北市","65000","65000060","新店區","華城里","新店區、深坑區、石碇區、坪林區、烏來區",NA
"6500011","65000180001","新北市","65000","65000180","深坑區","深坑里","新店區、深坑區、石碇區、坪林區、烏來區",NA
"6500011","65000180002","新北市","65000","65000180","深坑區","萬順里","新店區、深坑區、石碇區、坪林區、烏來區",NA
"6500011","65000180003","新北市","65000","65000180","深坑區","土庫里","新店區、深坑區、石碇區、坪林區、烏來區",NA
"6500011","65000180004","新北市","65000","65000180","深坑區","昇高里","新店區、深坑區、石碇區、坪林區、烏來區",NA
"6500011","65000180005","新北市","65000","65000180","深坑區","阿柔里","新店區、深坑區、石碇區、坪林區、烏來區",NA
"6500011","65000180006","新北市","65000","65000180","深坑區","埔新里","新店區、深坑區、石碇區、坪林區、烏來區",NA
"6500011","65000180007","新北市","65000","65000180","深坑區","萬福里","新店區、深坑區、石碇區、坪林區、烏來區",NA
"6500011","65000180008","新北市","65000","65000180","深坑區","賴仲里","新店區、深坑區、石碇區、坪林區、烏來區",NA
"6500011","65000190001","新北市","65000","65000190","石碇區","石碇里","新店區、深坑區、石碇區、坪林區、烏來區",NA
"6500011","65000190002","新北市","65000","65000190","石碇區","潭邊里","新店區、深坑區、石碇區、坪林區、烏來區",NA
"6500011","65000190003","新北市","65000","65000190","石碇區","隆盛里","新店區、深坑區、石碇區、坪林區、烏來區",NA
"6500011","65000190004","新北市","65000","65000190","石碇區","烏塗里","新店區、深坑區、石碇區、坪林區、烏來區",NA
"6500011","65000190005","新北市","65000","65000190","石碇區","彭山里","新店區、深坑區、石碇區、坪林區、烏來區",NA
"6500011","65000190006","新北市","65000","65000190","石碇區","豐田里","新店區、深坑區、石碇區、坪林區、烏來區",NA
"6500011","65000190007","新北市","65000","65000190","石碇區","永定里","新店區、深坑區、石碇區、坪林區、烏來區",NA
"6500011","65000190008","新北市","65000","65000190","石碇區","中民里","新店區、深坑區、石碇區、坪林區、烏來區",NA
"6500011","65000190009","新北市","65000","65000190","石碇區","光明里","新店區、深坑區、石碇區、坪林區、烏來區",NA
"6500011","65000190010","新北市","65000","65000190","石碇區","豐林里","新店區、深坑區、石碇區、坪林區、烏來區",NA
"6500011","65000190011","新北市","65000","65000190","石碇區","永安里","新店區、深坑區、石碇區、坪林區、烏來區",NA
"6500011","65000190012","新北市","65000","65000190","石碇區","格頭里","新店區、深坑區、石碇區、坪林區、烏來區",NA
"6500011","65000200001","新北市","65000","65000200","坪林區","粗窟里","新店區、深坑區、石碇區、坪林區、烏來區",NA
"6500011","65000200002","新北市","65000","65000200","坪林區","坪林里","新店區、深坑區、石碇區、坪林區、烏來區",NA
"6500011","65000200003","新北市","65000","65000200","坪林區","大林里","新店區、深坑區、石碇區、坪林區、烏來區",NA
"6500011","65000200004","新北市","65000","65000200","坪林區","石𥕢里","新店區、深坑區、石碇區、坪林區、烏來區",NA
"6500011","65000200005","新北市","65000","65000200","坪林區","上德里","新店區、深坑區、石碇區、坪林區、烏來區",NA
"6500011","65000200006","新北市","65000","65000200","坪林區","水德里","新店區、深坑區、石碇區、坪林區、烏來區",NA
"6500011","65000200007","新北市","65000","65000200","坪林區","漁光里","新店區、深坑區、石碇區、坪林區、烏來區",NA
"6500011","65000290001","新北市","65000","65000290","烏來區","烏來里","新店區、深坑區、石碇區、坪林區、烏來區",NA
"6500011","65000290002","新北市","65000","65000290","烏來區","忠治里","新店區、深坑區、石碇區、坪林區、烏來區",NA
"6500011","65000290003","新北市","65000","65000290","烏來區","福山里","新店區、深坑區、石碇區、坪林區、烏來區",NA
"6500011","65000290004","新北市","65000","65000290","烏來區","信賢里","新店區、深坑區、石碇區、坪林區、烏來區",NA
"6500011","65000290005","新北市","65000","65000290","烏來區","孝義里","新店區、深坑區、石碇區、坪林區、烏來區",NA
"6600002","66000130001","臺中市","66000","66000130","沙鹿區","居仁里","沙鹿區、烏日區、大肚區、龍井區、霧峰區",NA
"6600002","66000130002","臺中市","66000","66000130","沙鹿區","洛泉里","沙鹿區、烏日區、大肚區、龍井區、霧峰區",NA
"6600002","66000130003","臺中市","66000","66000130","沙鹿區","沙鹿里","沙鹿區、烏日區、大肚區、龍井區、霧峰區",NA
"6600002","66000130004","臺中市","66000","66000130","沙鹿區","美仁里","沙鹿區、烏日區、大肚區、龍井區、霧峰區",NA
"6600002","66000130005","臺中市","66000","66000130","沙鹿區","興仁里","沙鹿區、烏日區、大肚區、龍井區、霧峰區",NA
"6600002","66000130006","臺中市","66000","66000130","沙鹿區","斗抵里","沙鹿區、烏日區、大肚區、龍井區、霧峰區",NA
"6600002","66000130007","臺中市","66000","66000130","沙鹿區","鹿峰里","沙鹿區、烏日區、大肚區、龍井區、霧峰區",NA
"6600002","66000130008","臺中市","66000","66000130","沙鹿區","鹿寮里","沙鹿區、烏日區、大肚區、龍井區、霧峰區",NA
"6600002","66000130009","臺中市","66000","66000130","沙鹿區","竹林里","沙鹿區、烏日區、大肚區、龍井區、霧峰區",NA
"6600002","66000130010","臺中市","66000","66000130","沙鹿區","犁分里","沙鹿區、烏日區、大肚區、龍井區、霧峰區",NA
"6600002","66000130011","臺中市","66000","66000130","沙鹿區","北勢里","沙鹿區、烏日區、大肚區、龍井區、霧峰區",NA
"6600002","66000130012","臺中市","66000","66000130","沙鹿區","福興里","沙鹿區、烏日區、大肚區、龍井區、霧峰區",NA
"6600002","66000130013","臺中市","66000","66000130","沙鹿區","晉江里","沙鹿區、烏日區、大肚區、龍井區、霧峰區",NA
"6600002","66000130014","臺中市","66000","66000130","沙鹿區","六路里","沙鹿區、烏日區、大肚區、龍井區、霧峰區",NA
"6600002","66000130015","臺中市","66000","66000130","沙鹿區","南勢里","沙鹿區、烏日區、大肚區、龍井區、霧峰區",NA
"6600002","66000130016","臺中市","66000","66000130","沙鹿區","埔子里","沙鹿區、烏日區、大肚區、龍井區、霧峰區",NA
"6600002","66000130017","臺中市","66000","66000130","沙鹿區","公明里","沙鹿區、烏日區、大肚區、龍井區、霧峰區",NA
"6600002","66000130018","臺中市","66000","66000130","沙鹿區","清泉里","沙鹿區、烏日區、大肚區、龍井區、霧峰區",NA
"6600002","66000130019","臺中市","66000","66000130","沙鹿區","西勢里","沙鹿區、烏日區、大肚區、龍井區、霧峰區",NA
"6600002","66000130020","臺中市","66000","66000130","沙鹿區","興安里","沙鹿區、烏日區、大肚區、龍井區、霧峰區",NA
"6600002","66000130021","臺中市","66000","66000130","沙鹿區","三鹿里","沙鹿區、烏日區、大肚區、龍井區、霧峰區",NA
"6600002","66000230001","臺中市","66000","66000230","烏日區","烏日里","沙鹿區、烏日區、大肚區、龍井區、霧峰區",NA
"6600002","66000230002","臺中市","66000","66000230","烏日區","湖日里","沙鹿區、烏日區、大肚區、龍井區、霧峰區",NA
"6600002","66000230003","臺中市","66000","66000230","烏日區","三和里","沙鹿區、烏日區、大肚區、龍井區、霧峰區",NA
"6600002","66000230004","臺中市","66000","66000230","烏日區","榮泉里","沙鹿區、烏日區、大肚區、龍井區、霧峰區",NA
"6600002","66000230005","臺中市","66000","66000230","烏日區","學田里","沙鹿區、烏日區、大肚區、龍井區、霧峰區",NA
"6600002","66000230006","臺中市","66000","66000230","烏日區","九德里","沙鹿區、烏日區、大肚區、龍井區、霧峰區",NA
"6600002","66000230007","臺中市","66000","66000230","烏日區","仁德里","沙鹿區、烏日區、大肚區、龍井區、霧峰區",NA
"6600002","66000230008","臺中市","66000","66000230","烏日區","前竹里","沙鹿區、烏日區、大肚區、龍井區、霧峰區",NA
"6600002","66000230009","臺中市","66000","66000230","烏日區","五光里","沙鹿區、烏日區、大肚區、龍井區、霧峰區",NA
"6600002","66000230010","臺中市","66000","66000230","烏日區","光明里","沙鹿區、烏日區、大肚區、龍井區、霧峰區",NA
"6600002","66000230011","臺中市","66000","66000230","烏日區","東園里","沙鹿區、烏日區、大肚區、龍井區、霧峰區",NA
"6600002","66000230012","臺中市","66000","66000230","烏日區","溪埧里","沙鹿區、烏日區、大肚區、龍井區、霧峰區",NA
"6600002","66000230013","臺中市","66000","66000230","烏日區","螺潭里","沙鹿區、烏日區、大肚區、龍井區、霧峰區",NA
"6600002","66000230014","臺中市","66000","66000230","烏日區","北里里","沙鹿區、烏日區、大肚區、龍井區、霧峰區",NA
"6600002","66000230015","臺中市","66000","66000230","烏日區","南里里","沙鹿區、烏日區、大肚區、龍井區、霧峰區",NA
"6600002","66000230016","臺中市","66000","66000230","烏日區","溪尾里","沙鹿區、烏日區、大肚區、龍井區、霧峰區",NA
"6600002","66000240001","臺中市","66000","66000240","大肚區","王田里","沙鹿區、烏日區、大肚區、龍井區、霧峰區",NA
"6600002","66000240002","臺中市","66000","66000240","大肚區","中和里","沙鹿區、烏日區、大肚區、龍井區、霧峰區",NA
"6600002","66000240003","臺中市","66000","66000240","大肚區","福山里","沙鹿區、烏日區、大肚區、龍井區、霧峰區",NA
"6600002","66000240004","臺中市","66000","66000240","大肚區","營埔里","沙鹿區、烏日區、大肚區、龍井區、霧峰區",NA
"6600002","66000240005","臺中市","66000","66000240","大肚區","社腳里","沙鹿區、烏日區、大肚區、龍井區、霧峰區",NA
"6600002","66000240006","臺中市","66000","66000240","大肚區","新興里","沙鹿區、烏日區、大肚區、龍井區、霧峰區",NA
"6600002","66000240007","臺中市","66000","66000240","大肚區","大東里","沙鹿區、烏日區、大肚區、龍井區、霧峰區",NA
"6600002","66000240008","臺中市","66000","66000240","大肚區","大肚里","沙鹿區、烏日區、大肚區、龍井區、霧峰區",NA
"6600002","66000240009","臺中市","66000","66000240","大肚區","永和里","沙鹿區、烏日區、大肚區、龍井區、霧峰區",NA
"6600002","66000240010","臺中市","66000","66000240","大肚區","磺溪里","沙鹿區、烏日區、大肚區、龍井區、霧峰區",NA
"6600002","66000240011","臺中市","66000","66000240","大肚區","永順里","沙鹿區、烏日區、大肚區、龍井區、霧峰區",NA
"6600002","66000240012","臺中市","66000","66000240","大肚區","成功里","沙鹿區、烏日區、大肚區、龍井區、霧峰區",NA
"6600002","66000240013","臺中市","66000","66000240","大肚區","山陽里","沙鹿區、烏日區、大肚區、龍井區、霧峰區",NA
"6600002","66000240014","臺中市","66000","66000240","大肚區","頂街里","沙鹿區、烏日區、大肚區、龍井區、霧峰區",NA
"6600002","66000240015","臺中市","66000","66000240","大肚區","瑞井里","沙鹿區、烏日區、大肚區、龍井區、霧峰區",NA
"6600002","66000240016","臺中市","66000","66000240","大肚區","蔗廍里","沙鹿區、烏日區、大肚區、龍井區、霧峰區",NA
"6600002","66000240017","臺中市","66000","66000240","大肚區","自強里","沙鹿區、烏日區、大肚區、龍井區、霧峰區",NA
"6600002","66000250001","臺中市","66000","66000250","龍井區","竹坑里","沙鹿區、烏日區、大肚區、龍井區、霧峰區",NA
"6600002","66000250002","臺中市","66000","66000250","龍井區","龍東里","沙鹿區、烏日區、大肚區、龍井區、霧峰區",NA
"6600002","66000250003","臺中市","66000","66000250","龍井區","龍西里","沙鹿區、烏日區、大肚區、龍井區、霧峰區",NA
"6600002","66000250004","臺中市","66000","66000250","龍井區","田中里","沙鹿區、烏日區、大肚區、龍井區、霧峰區",NA
"6600002","66000250005","臺中市","66000","66000250","龍井區","福田里","沙鹿區、烏日區、大肚區、龍井區、霧峰區",NA
"6600002","66000250006","臺中市","66000","66000250","龍井區","麗水里","沙鹿區、烏日區、大肚區、龍井區、霧峰區",NA
"6600002","66000250007","臺中市","66000","66000250","龍井區","龍津里","沙鹿區、烏日區、大肚區、龍井區、霧峰區",NA
"6600002","66000250008","臺中市","66000","66000250","龍井區","三德里","沙鹿區、烏日區、大肚區、龍井區、霧峰區",NA
"6600002","66000250009","臺中市","66000","66000250","龍井區","忠和里","沙鹿區、烏日區、大肚區、龍井區、霧峰區",NA
"6600002","66000250010","臺中市","66000","66000250","龍井區","山腳里","沙鹿區、烏日區、大肚區、龍井區、霧峰區",NA
"6600002","66000250011","臺中市","66000","66000250","龍井區","龍泉里","沙鹿區、烏日區、大肚區、龍井區、霧峰區",NA
"6600002","66000250012","臺中市","66000","66000250","龍井區","龍崗里","沙鹿區、烏日區、大肚區、龍井區、霧峰區",NA
"6600002","66000250013","臺中市","66000","66000250","龍井區","新庄里","沙鹿區、烏日區、大肚區、龍井區、霧峰區",NA
"6600002","66000250014","臺中市","66000","66000250","龍井區","南寮里","沙鹿區、烏日區、大肚區、龍井區、霧峰區",NA
"6600002","66000250015","臺中市","66000","66000250","龍井區","新東里","沙鹿區、烏日區、大肚區、龍井區、霧峰區",NA
"6600002","66000250016","臺中市","66000","66000250","龍井區","東海里","沙鹿區、烏日區、大肚區、龍井區、霧峰區",NA
"6600002","66000260001","臺中市","66000","66000260","霧峰區","桐林里","沙鹿區、烏日區、大肚區、龍井區、霧峰區",NA
"6600002","66000260002","臺中市","66000","66000260","霧峰區","吉峰里","沙鹿區、烏日區、大肚區、龍井區、霧峰區",NA
"6600002","66000260003","臺中市","66000","66000260","霧峰區","甲寅里","沙鹿區、烏日區、大肚區、龍井區、霧峰區",NA
"6600002","66000260004","臺中市","66000","66000260","霧峰區","本鄉里","沙鹿區、烏日區、大肚區、龍井區、霧峰區",NA
"6600002","66000260005","臺中市","66000","66000260","霧峰區","中正里","沙鹿區、烏日區、大肚區、龍井區、霧峰區",NA
"6600002","66000260006","臺中市","66000","66000260","霧峰區","錦榮里","沙鹿區、烏日區、大肚區、龍井區、霧峰區",NA
"6600002","66000260007","臺中市","66000","66000260","霧峰區","萊園里","沙鹿區、烏日區、大肚區、龍井區、霧峰區",NA
"6600002","66000260008","臺中市","66000","66000260","霧峰區","本堂里","沙鹿區、烏日區、大肚區、龍井區、霧峰區",NA
"6600002","66000260009","臺中市","66000","66000260","霧峰區","坑口里","沙鹿區、烏日區、大肚區、龍井區、霧峰區",NA
"6600002","66000260010","臺中市","66000","66000260","霧峰區","北柳里","沙鹿區、烏日區、大肚區、龍井區、霧峰區",NA
"6600002","66000260011","臺中市","66000","66000260","霧峰區","南柳里","沙鹿區、烏日區、大肚區、龍井區、霧峰區",NA
"6600002","66000260012","臺中市","66000","66000260","霧峰區","四德里","沙鹿區、烏日區、大肚區、龍井區、霧峰區",NA
"6600002","66000260013","臺中市","66000","66000260","霧峰區","五福里","沙鹿區、烏日區、大肚區、龍井區、霧峰區",NA
"6600002","66000260014","臺中市","66000","66000260","霧峰區","萬豐里","沙鹿區、烏日區、大肚區、龍井區、霧峰區",NA
"6600002","66000260015","臺中市","66000","66000260","霧峰區","舊正里","沙鹿區、烏日區、大肚區、龍井區、霧峰區",NA
"6600002","66000260016","臺中市","66000","66000260","霧峰區","峰谷里","沙鹿區、烏日區、大肚區、龍井區、霧峰區",NA
"6600002","66000260017","臺中市","66000","66000260","霧峰區","六股里","沙鹿區、烏日區、大肚區、龍井區、霧峰區",NA
"6600002","66000260018","臺中市","66000","66000260","霧峰區","丁台里","沙鹿區、烏日區、大肚區、龍井區、霧峰區",NA
"6600002","66000260019","臺中市","66000","66000260","霧峰區","北勢里","沙鹿區、烏日區、大肚區、龍井區、霧峰區",NA
"6600002","66000260020","臺中市","66000","66000260","霧峰區","南勢里","沙鹿區、烏日區、大肚區、龍井區、霧峰區",NA
"6600003","66000150001","臺中市","66000","66000150","后里區","廣福里","后里區、神岡區、潭子區、大雅區",NA
"6600003","66000150002","臺中市","66000","66000150","后里區","仁里里","后里區、神岡區、潭子區、大雅區",NA
"6600003","66000150003","臺中市","66000","66000150","后里區","義里里","后里區、神岡區、潭子區、大雅區",NA
"6600003","66000150004","臺中市","66000","66000150","后里區","后里里","后里區、神岡區、潭子區、大雅區",NA
"6600003","66000150005","臺中市","66000","66000150","后里區","厚里里","后里區、神岡區、潭子區、大雅區",NA
"6600003","66000150006","臺中市","66000","66000150","后里區","墩東里","后里區、神岡區、潭子區、大雅區",NA
"6600003","66000150007","臺中市","66000","66000150","后里區","墩西里","后里區、神岡區、潭子區、大雅區",NA
"6600003","66000150008","臺中市","66000","66000150","后里區","墩南里","后里區、神岡區、潭子區、大雅區",NA
"6600003","66000150009","臺中市","66000","66000150","后里區","墩北里","后里區、神岡區、潭子區、大雅區",NA
"6600003","66000150010","臺中市","66000","66000150","后里區","中和里","后里區、神岡區、潭子區、大雅區",NA
"6600003","66000150011","臺中市","66000","66000150","后里區","舊社里","后里區、神岡區、潭子區、大雅區",NA
"6600003","66000150012","臺中市","66000","66000150","后里區","聯合里","后里區、神岡區、潭子區、大雅區",NA
"6600003","66000150013","臺中市","66000","66000150","后里區","太平里","后里區、神岡區、潭子區、大雅區",NA
"6600003","66000150014","臺中市","66000","66000150","后里區","眉山里","后里區、神岡區、潭子區、大雅區",NA
"6600003","66000150015","臺中市","66000","66000150","后里區","泰安里","后里區、神岡區、潭子區、大雅區",NA
"6600003","66000150016","臺中市","66000","66000150","后里區","公館里","后里區、神岡區、潭子區、大雅區",NA
"6600003","66000150017","臺中市","66000","66000150","后里區","月眉里","后里區、神岡區、潭子區、大雅區",NA
"6600003","66000150018","臺中市","66000","66000150","后里區","義德里","后里區、神岡區、潭子區、大雅區",NA
"6600003","66000160001","臺中市","66000","66000160","神岡區","神岡里","后里區、神岡區、潭子區、大雅區",NA
"6600003","66000160002","臺中市","66000","66000160","神岡區","庄前里","后里區、神岡區、潭子區、大雅區",NA
"6600003","66000160003","臺中市","66000","66000160","神岡區","北庄里","后里區、神岡區、潭子區、大雅區",NA
"6600003","66000160004","臺中市","66000","66000160","神岡區","庄後里","后里區、神岡區、潭子區、大雅區",NA
"6600003","66000160005","臺中市","66000","66000160","神岡區","社口里","后里區、神岡區、潭子區、大雅區",NA
"6600003","66000160006","臺中市","66000","66000160","神岡區","社南里","后里區、神岡區、潭子區、大雅區",NA
"6600003","66000160007","臺中市","66000","66000160","神岡區","三角里","后里區、神岡區、潭子區、大雅區",NA
"6600003","66000160008","臺中市","66000","66000160","神岡區","岸裡里","后里區、神岡區、潭子區、大雅區",NA
"6600003","66000160009","臺中市","66000","66000160","神岡區","大社里","后里區、神岡區、潭子區、大雅區",NA
"6600003","66000160010","臺中市","66000","66000160","神岡區","豐洲里","后里區、神岡區、潭子區、大雅區",NA
"6600003","66000160011","臺中市","66000","66000160","神岡區","神洲里","后里區、神岡區、潭子區、大雅區",NA
"6600003","66000160012","臺中市","66000","66000160","神岡區","溪洲里","后里區、神岡區、潭子區、大雅區",NA
"6600003","66000160013","臺中市","66000","66000160","神岡區","圳前里","后里區、神岡區、潭子區、大雅區",NA
"6600003","66000160014","臺中市","66000","66000160","神岡區","新庄里","后里區、神岡區、潭子區、大雅區",NA
"6600003","66000160015","臺中市","66000","66000160","神岡區","圳堵里","后里區、神岡區、潭子區、大雅區",NA
"6600003","66000160016","臺中市","66000","66000160","神岡區","山皮里","后里區、神岡區、潭子區、大雅區",NA
"6600003","66000170001","臺中市","66000","66000170","潭子區","潭陽里","后里區、神岡區、潭子區、大雅區",NA
"6600003","66000170002","臺中市","66000","66000170","潭子區","潭秀里","后里區、神岡區、潭子區、大雅區",NA
"6600003","66000170003","臺中市","66000","66000170","潭子區","潭北里","后里區、神岡區、潭子區、大雅區",NA
"6600003","66000170004","臺中市","66000","66000170","潭子區","福仁里","后里區、神岡區、潭子區、大雅區",NA
"6600003","66000170005","臺中市","66000","66000170","潭子區","頭家里","后里區、神岡區、潭子區、大雅區",NA
"6600003","66000170006","臺中市","66000","66000170","潭子區","甘蔗里","后里區、神岡區、潭子區、大雅區",NA
"6600003","66000170007","臺中市","66000","66000170","潭子區","東寶里","后里區、神岡區、潭子區、大雅區",NA
"6600003","66000170008","臺中市","66000","66000170","潭子區","大富里","后里區、神岡區、潭子區、大雅區",NA
"6600003","66000170009","臺中市","66000","66000170","潭子區","大豐里","后里區、神岡區、潭子區、大雅區",NA
"6600003","66000170010","臺中市","66000","66000170","潭子區","栗林里","后里區、神岡區、潭子區、大雅區",NA
"6600003","66000170011","臺中市","66000","66000170","潭子區","嘉仁里","后里區、神岡區、潭子區、大雅區",NA
"6600003","66000170012","臺中市","66000","66000170","潭子區","新田里","后里區、神岡區、潭子區、大雅區",NA
"6600003","66000170013","臺中市","66000","66000170","潭子區","聚興里","后里區、神岡區、潭子區、大雅區",NA
"6600003","66000170014","臺中市","66000","66000170","潭子區","頭家東里","后里區、神岡區、潭子區、大雅區",NA
"6600003","66000170015","臺中市","66000","66000170","潭子區","家興里","后里區、神岡區、潭子區、大雅區",NA
"6600003","66000170016","臺中市","66000","66000170","潭子區","家福里","后里區、神岡區、潭子區、大雅區",NA
"6600003","66000180001","臺中市","66000","66000180","大雅區","大雅里","后里區、神岡區、潭子區、大雅區",NA
"6600003","66000180002","臺中市","66000","66000180","大雅區","員林里","后里區、神岡區、潭子區、大雅區",NA
"6600003","66000180003","臺中市","66000","66000180","大雅區","六寶里","后里區、神岡區、潭子區、大雅區",NA
"6600003","66000180004","臺中市","66000","66000180","大雅區","秀山里","后里區、神岡區、潭子區、大雅區",NA
"6600003","66000180005","臺中市","66000","66000180","大雅區","忠義里","后里區、神岡區、潭子區、大雅區",NA
"6600003","66000180006","臺中市","66000","66000180","大雅區","橫山里","后里區、神岡區、潭子區、大雅區",NA
"6600003","66000180007","臺中市","66000","66000180","大雅區","三和里","后里區、神岡區、潭子區、大雅區",NA
"6600003","66000180008","臺中市","66000","66000180","大雅區","西寶里","后里區、神岡區、潭子區、大雅區",NA
"6600003","66000180009","臺中市","66000","66000180","大雅區","上楓里","后里區、神岡區、潭子區、大雅區",NA
"6600003","66000180010","臺中市","66000","66000180","大雅區","二和里","后里區、神岡區、潭子區、大雅區",NA
"6600003","66000180011","臺中市","66000","66000180","大雅區","四德里","后里區、神岡區、潭子區、大雅區",NA
"6600003","66000180012","臺中市","66000","66000180","大雅區","上雅里","后里區、神岡區、潭子區、大雅區",NA
"6600003","66000180013","臺中市","66000","66000180","大雅區","文雅里","后里區、神岡區、潭子區、大雅區",NA
"6600003","66000180014","臺中市","66000","66000180","大雅區","大楓里","后里區、神岡區、潭子區、大雅區",NA
"6600003","66000180015","臺中市","66000","66000180","大雅區","雅楓里","后里區、神岡區、潭子區、大雅區",NA
"6600008","66000090001","臺中市","66000","66000090","豐原區","豐原里","豐原區、東勢區、新社區、石岡區、和平區",NA
"6600008","66000090002","臺中市","66000","66000090","豐原區","頂街里","豐原區、東勢區、新社區、石岡區、和平區",NA
"6600008","66000090003","臺中市","66000","66000090","豐原區","中山里","豐原區、東勢區、新社區、石岡區、和平區",NA
"6600008","66000090004","臺中市","66000","66000090","豐原區","豐榮里","豐原區、東勢區、新社區、石岡區、和平區",NA
"6600008","66000090005","臺中市","66000","66000090","豐原區","下街里","豐原區、東勢區、新社區、石岡區、和平區",NA
"6600008","66000090006","臺中市","66000","66000090","豐原區","富春里","豐原區、東勢區、新社區、石岡區、和平區",NA
"6600008","66000090007","臺中市","66000","66000090","豐原區","葫蘆里","豐原區、東勢區、新社區、石岡區、和平區",NA
"6600008","66000090008","臺中市","66000","66000090","豐原區","豐西里","豐原區、東勢區、新社區、石岡區、和平區",NA
"6600008","66000090009","臺中市","66000","66000090","豐原區","西安里","豐原區、東勢區、新社區、石岡區、和平區",NA
"6600008","66000090010","臺中市","66000","66000090","豐原區","西勢里","豐原區、東勢區、新社區、石岡區、和平區",NA
"6600008","66000090011","臺中市","66000","66000090","豐原區","東勢里","豐原區、東勢區、新社區、石岡區、和平區",NA
"6600008","66000090012","臺中市","66000","66000090","豐原區","民生里","豐原區、東勢區、新社區、石岡區、和平區",NA
"6600008","66000090013","臺中市","66000","66000090","豐原區","大湳里","豐原區、東勢區、新社區、石岡區、和平區",NA
"6600008","66000090014","臺中市","66000","66000090","豐原區","北湳里","豐原區、東勢區、新社區、石岡區、和平區",NA
"6600008","66000090015","臺中市","66000","66000090","豐原區","東湳里","豐原區、東勢區、新社區、石岡區、和平區",NA
"6600008","66000090016","臺中市","66000","66000090","豐原區","西湳里","豐原區、東勢區、新社區、石岡區、和平區",NA
"6600008","66000090017","臺中市","66000","66000090","豐原區","圳寮里","豐原區、東勢區、新社區、石岡區、和平區",NA
"6600008","66000090018","臺中市","66000","66000090","豐原區","豐圳里","豐原區、東勢區、新社區、石岡區、和平區",NA
"6600008","66000090019","臺中市","66000","66000090","豐原區","社皮里","豐原區、東勢區、新社區、石岡區、和平區",NA
"6600008","66000090020","臺中市","66000","66000090","豐原區","三村里","豐原區、東勢區、新社區、石岡區、和平區",NA
"6600008","66000090021","臺中市","66000","66000090","豐原區","中興里","豐原區、東勢區、新社區、石岡區、和平區",NA
"6600008","66000090022","臺中市","66000","66000090","豐原區","田心里","豐原區、東勢區、新社區、石岡區、和平區",NA
"6600008","66000090023","臺中市","66000","66000090","豐原區","豐田里","豐原區、東勢區、新社區、石岡區、和平區",NA
"6600008","66000090024","臺中市","66000","66000090","豐原區","鎌村里","豐原區、東勢區、新社區、石岡區、和平區",NA
"6600008","66000090025","臺中市","66000","66000090","豐原區","南陽里","豐原區、東勢區、新社區、石岡區、和平區",NA
"6600008","66000090026","臺中市","66000","66000090","豐原區","陽明里","豐原區、東勢區、新社區、石岡區、和平區",NA
"6600008","66000090027","臺中市","66000","66000090","豐原區","北陽里","豐原區、東勢區、新社區、石岡區、和平區",NA
"6600008","66000090028","臺中市","66000","66000090","豐原區","中陽里","豐原區、東勢區、新社區、石岡區、和平區",NA
"6600008","66000090029","臺中市","66000","66000090","豐原區","東陽里","豐原區、東勢區、新社區、石岡區、和平區",NA
"6600008","66000090030","臺中市","66000","66000090","豐原區","南村里","豐原區、東勢區、新社區、石岡區、和平區",NA
"6600008","66000090031","臺中市","66000","66000090","豐原區","南田里","豐原區、東勢區、新社區、石岡區、和平區",NA
"6600008","66000090032","臺中市","66000","66000090","豐原區","南嵩里","豐原區、東勢區、新社區、石岡區、和平區",NA
"6600008","66000090033","臺中市","66000","66000090","豐原區","翁明里","豐原區、東勢區、新社區、石岡區、和平區",NA
"6600008","66000090034","臺中市","66000","66000090","豐原區","翁子里","豐原區、東勢區、新社區、石岡區、和平區",NA
"6600008","66000090035","臺中市","66000","66000090","豐原區","翁社里","豐原區、東勢區、新社區、石岡區、和平區",NA
"6600008","66000090036","臺中市","66000","66000090","豐原區","朴子里","豐原區、東勢區、新社區、石岡區、和平區",NA
"6600008","66000100001","臺中市","66000","66000100","東勢區","北興里","豐原區、東勢區、新社區、石岡區、和平區",NA
"6600008","66000100002","臺中市","66000","66000100","東勢區","中寧里","豐原區、東勢區、新社區、石岡區、和平區",NA
"6600008","66000100003","臺中市","66000","66000100","東勢區","東安里","豐原區、東勢區、新社區、石岡區、和平區",NA
"6600008","66000100004","臺中市","66000","66000100","東勢區","南平里","豐原區、東勢區、新社區、石岡區、和平區",NA
"6600008","66000100005","臺中市","66000","66000100","東勢區","延平里","豐原區、東勢區、新社區、石岡區、和平區",NA
"6600008","66000100006","臺中市","66000","66000100","東勢區","上新里","豐原區、東勢區、新社區、石岡區、和平區",NA
"6600008","66000100007","臺中市","66000","66000100","東勢區","廣興里","豐原區、東勢區、新社區、石岡區、和平區",NA
"6600008","66000100008","臺中市","66000","66000100","東勢區","泰昌里","豐原區、東勢區、新社區、石岡區、和平區",NA
"6600008","66000100009","臺中市","66000","66000100","東勢區","中嵙里","豐原區、東勢區、新社區、石岡區、和平區",NA
"6600008","66000100010","臺中市","66000","66000100","東勢區","福隆里","豐原區、東勢區、新社區、石岡區、和平區",NA
"6600008","66000100011","臺中市","66000","66000100","東勢區","隆興里","豐原區、東勢區、新社區、石岡區、和平區",NA
"6600008","66000100012","臺中市","66000","66000100","東勢區","新盛里","豐原區、東勢區、新社區、石岡區、和平區",NA
"6600008","66000100013","臺中市","66000","66000100","東勢區","詒福里","豐原區、東勢區、新社區、石岡區、和平區",NA
"6600008","66000100014","臺中市","66000","66000100","東勢區","上城里","豐原區、東勢區、新社區、石岡區、和平區",NA
"6600008","66000100015","臺中市","66000","66000100","東勢區","下城里","豐原區、東勢區、新社區、石岡區、和平區",NA
"6600008","66000100016","臺中市","66000","66000100","東勢區","慶東里","豐原區、東勢區、新社區、石岡區、和平區",NA
"6600008","66000100017","臺中市","66000","66000100","東勢區","慶福里","豐原區、東勢區、新社區、石岡區、和平區",NA
"6600008","66000100018","臺中市","66000","66000100","東勢區","東新里","豐原區、東勢區、新社區、石岡區、和平區",NA
"6600008","66000100019","臺中市","66000","66000100","東勢區","粵寧里","豐原區、東勢區、新社區、石岡區、和平區",NA
"6600008","66000100020","臺中市","66000","66000100","東勢區","下新里","豐原區、東勢區、新社區、石岡區、和平區",NA
"6600008","66000100021","臺中市","66000","66000100","東勢區","興隆里","豐原區、東勢區、新社區、石岡區、和平區",NA
"6600008","66000100022","臺中市","66000","66000100","東勢區","茂興里","豐原區、東勢區、新社區、石岡區、和平區",NA
"6600008","66000100023","臺中市","66000","66000100","東勢區","泰興里","豐原區、東勢區、新社區、石岡區、和平區",NA
"6600008","66000100024","臺中市","66000","66000100","東勢區","埤頭里","豐原區、東勢區、新社區、石岡區、和平區",NA
"6600008","66000100025","臺中市","66000","66000100","東勢區","明正里","豐原區、東勢區、新社區、石岡區、和平區",NA
"6600008","66000190001","臺中市","66000","66000190","新社區","新社里","豐原區、東勢區、新社區、石岡區、和平區",NA
"6600008","66000190002","臺中市","66000","66000190","新社區","復盛里","豐原區、東勢區、新社區、石岡區、和平區",NA
"6600008","66000190003","臺中市","66000","66000190","新社區","中正里","豐原區、東勢區、新社區、石岡區、和平區",NA
"6600008","66000190004","臺中市","66000","66000190","新社區","月湖里","豐原區、東勢區、新社區、石岡區、和平區",NA
"6600008","66000190005","臺中市","66000","66000190","新社區","崑山里","豐原區、東勢區、新社區、石岡區、和平區",NA
"6600008","66000190006","臺中市","66000","66000190","新社區","大南里","豐原區、東勢區、新社區、石岡區、和平區",NA
"6600008","66000190007","臺中市","66000","66000190","新社區","永源里","豐原區、東勢區、新社區、石岡區、和平區",NA
"6600008","66000190008","臺中市","66000","66000190","新社區","中興里","豐原區、東勢區、新社區、石岡區、和平區",NA
"6600008","66000190009","臺中市","66000","66000190","新社區","協成里","豐原區、東勢區、新社區、石岡區、和平區",NA
"6600008","66000190010","臺中市","66000","66000190","新社區","東興里","豐原區、東勢區、新社區、石岡區、和平區",NA
"6600008","66000190011","臺中市","66000","66000190","新社區","慶西里","豐原區、東勢區、新社區、石岡區、和平區",NA
"6600008","66000190012","臺中市","66000","66000190","新社區","中和里","豐原區、東勢區、新社區、石岡區、和平區",NA
"6600008","66000190013","臺中市","66000","66000190","新社區","福興里","豐原區、東勢區、新社區、石岡區、和平區",NA
"6600008","66000200001","臺中市","66000","66000200","石岡區","石岡里","豐原區、東勢區、新社區、石岡區、和平區",NA
"6600008","66000200002","臺中市","66000","66000200","石岡區","萬安里","豐原區、東勢區、新社區、石岡區、和平區",NA
"6600008","66000200003","臺中市","66000","66000200","石岡區","九房里","豐原區、東勢區、新社區、石岡區、和平區",NA
"6600008","66000200004","臺中市","66000","66000200","石岡區","金星里","豐原區、東勢區、新社區、石岡區、和平區",NA
"6600008","66000200005","臺中市","66000","66000200","石岡區","龍興里","豐原區、東勢區、新社區、石岡區、和平區",NA
"6600008","66000200006","臺中市","66000","66000200","石岡區","萬興里","豐原區、東勢區、新社區、石岡區、和平區",NA
"6600008","66000200007","臺中市","66000","66000200","石岡區","梅子里","豐原區、東勢區、新社區、石岡區、和平區",NA
"6600008","66000200008","臺中市","66000","66000200","石岡區","土牛里","豐原區、東勢區、新社區、石岡區、和平區",NA
"6600008","66000200009","臺中市","66000","66000200","石岡區","德興里","豐原區、東勢區、新社區、石岡區、和平區",NA
"6600008","66000200010","臺中市","66000","66000200","石岡區","和盛里","豐原區、東勢區、新社區、石岡區、和平區",NA
"6600008","66000290001","臺中市","66000","66000290","和平區","南勢里","豐原區、東勢區、新社區、石岡區、和平區",NA
"6600008","66000290002","臺中市","66000","66000290","和平區","天輪里","豐原區、東勢區、新社區、石岡區、和平區",NA
"6600008","66000290003","臺中市","66000","66000290","和平區","博愛里","豐原區、東勢區、新社區、石岡區、和平區",NA
"6600008","66000290004","臺中市","66000","66000290","和平區","中坑里","豐原區、東勢區、新社區、石岡區、和平區",NA
"6600008","66000290005","臺中市","66000","66000290","和平區","自由里","豐原區、東勢區、新社區、石岡區、和平區",NA
"6600008","66000290006","臺中市","66000","66000290","和平區","達觀里","豐原區、東勢區、新社區、石岡區、和平區",NA
"6600008","66000290007","臺中市","66000","66000290","和平區","梨山里","豐原區、東勢區、新社區、石岡區、和平區",NA
"6600008","66000290008","臺中市","66000","66000290","和平區","平等里","豐原區、東勢區、新社區、石岡區、和平區",NA
"1000402","10004010001","新竹縣","10004","10004010","竹北市","斗崙里","竹北市*、竹東鎮、橫山鄉、北埔鄉、寶山鄉、峨眉鄉、五峰鄉",NA
"1000402","10004010002","新竹縣","10004","10004010","竹北市","鹿場里","竹北市*、竹東鎮、橫山鄉、北埔鄉、寶山鄉、峨眉鄉、五峰鄉",NA
"1000402","10004010003","新竹縣","10004","10004010","竹北市","東平里","竹北市*、竹東鎮、橫山鄉、北埔鄉、寶山鄉、峨眉鄉、五峰鄉",NA
"1000402","10004010004","新竹縣","10004","10004010","竹北市","中興里","竹北市*、竹東鎮、橫山鄉、北埔鄉、寶山鄉、峨眉鄉、五峰鄉",NA
"1000402","10004010005","新竹縣","10004","10004010","竹北市","隘口里","竹北市*、竹東鎮、橫山鄉、北埔鄉、寶山鄉、峨眉鄉、五峰鄉",NA
"1000402","10004010006","新竹縣","10004","10004010","竹北市","東海里","竹北市*、竹東鎮、橫山鄉、北埔鄉、寶山鄉、峨眉鄉、五峰鄉",NA
"1000402","10004010007","新竹縣","10004","10004010","竹北市","竹北里","竹北市*、竹東鎮、橫山鄉、北埔鄉、寶山鄉、峨眉鄉、五峰鄉",NA
"1000402","10004010008","新竹縣","10004","10004010","竹北市","竹仁里","竹北市*、竹東鎮、橫山鄉、北埔鄉、寶山鄉、峨眉鄉、五峰鄉",NA
"1000402","10004010009","新竹縣","10004","10004010","竹北市","竹義里","竹北市*、竹東鎮、橫山鄉、北埔鄉、寶山鄉、峨眉鄉、五峰鄉",NA
"1000402","10004010010","新竹縣","10004","10004010","竹北市","泰和里","竹北市*、竹東鎮、橫山鄉、北埔鄉、寶山鄉、峨眉鄉、五峰鄉",NA
"1000402","10004010021","新竹縣","10004","10004010","竹北市","十興里","竹北市*、竹東鎮、橫山鄉、北埔鄉、寶山鄉、峨眉鄉、五峰鄉",NA
"1000402","10004010024","新竹縣","10004","10004010","竹北市","北崙里","竹北市*、竹東鎮、橫山鄉、北埔鄉、寶山鄉、峨眉鄉、五峰鄉",NA
"1000402","10004010025","新竹縣","10004","10004010","竹北市","新崙里","竹北市*、竹東鎮、橫山鄉、北埔鄉、寶山鄉、峨眉鄉、五峰鄉",NA
"1000402","10004010026","新竹縣","10004","10004010","竹北市","福德里","竹北市*、竹東鎮、橫山鄉、北埔鄉、寶山鄉、峨眉鄉、五峰鄉",NA
"1000402","10004010027","新竹縣","10004","10004010","竹北市","東興里","竹北市*、竹東鎮、橫山鄉、北埔鄉、寶山鄉、峨眉鄉、五峰鄉",NA
"1000402","10004010028","新竹縣","10004","10004010","竹北市","北興里","竹北市*、竹東鎮、橫山鄉、北埔鄉、寶山鄉、峨眉鄉、五峰鄉",NA
"1000402","10004010029","新竹縣","10004","10004010","竹北市","興安里","竹北市*、竹東鎮、橫山鄉、北埔鄉、寶山鄉、峨眉鄉、五峰鄉",NA
"1000402","10004010030","新竹縣","10004","10004010","竹北市","文化里","竹北市*、竹東鎮、橫山鄉、北埔鄉、寶山鄉、峨眉鄉、五峰鄉",NA
"1000402","10004010031","新竹縣","10004","10004010","竹北市","中崙里","竹北市*、竹東鎮、橫山鄉、北埔鄉、寶山鄉、峨眉鄉、五峰鄉",NA
"1000402","10004020001","新竹縣","10004","10004020","竹東鎮","上坪里","竹北市*、竹東鎮、橫山鄉、北埔鄉、寶山鄉、峨眉鄉、五峰鄉",NA
"1000402","10004020002","新竹縣","10004","10004020","竹東鎮","瑞峰里","竹北市*、竹東鎮、橫山鄉、北埔鄉、寶山鄉、峨眉鄉、五峰鄉",NA
"1000402","10004020003","新竹縣","10004","10004020","竹東鎮","軟橋里","竹北市*、竹東鎮、橫山鄉、北埔鄉、寶山鄉、峨眉鄉、五峰鄉",NA
"1000402","10004020004","新竹縣","10004","10004020","竹東鎮","員崠里","竹北市*、竹東鎮、橫山鄉、北埔鄉、寶山鄉、峨眉鄉、五峰鄉",NA
"1000402","10004020005","新竹縣","10004","10004020","竹東鎮","東寧里","竹北市*、竹東鎮、橫山鄉、北埔鄉、寶山鄉、峨眉鄉、五峰鄉",NA
"1000402","10004020006","新竹縣","10004","10004020","竹東鎮","上舘里","竹北市*、竹東鎮、橫山鄉、北埔鄉、寶山鄉、峨眉鄉、五峰鄉",NA
"1000402","10004020007","新竹縣","10004","10004020","竹東鎮","大鄉里","竹北市*、竹東鎮、橫山鄉、北埔鄉、寶山鄉、峨眉鄉、五峰鄉",NA
"1000402","10004020008","新竹縣","10004","10004020","竹東鎮","東華里","竹北市*、竹東鎮、橫山鄉、北埔鄉、寶山鄉、峨眉鄉、五峰鄉",NA
"1000402","10004020009","新竹縣","10004","10004020","竹東鎮","商華里","竹北市*、竹東鎮、橫山鄉、北埔鄉、寶山鄉、峨眉鄉、五峰鄉",NA
"1000402","10004020010","新竹縣","10004","10004020","竹東鎮","竹東里","竹北市*、竹東鎮、橫山鄉、北埔鄉、寶山鄉、峨眉鄉、五峰鄉",NA
"1000402","10004020011","新竹縣","10004","10004020","竹東鎮","榮樂里","竹北市*、竹東鎮、橫山鄉、北埔鄉、寶山鄉、峨眉鄉、五峰鄉",NA
"1000402","10004020012","新竹縣","10004","10004020","竹東鎮","鷄林里","竹北市*、竹東鎮、橫山鄉、北埔鄉、寶山鄉、峨眉鄉、五峰鄉",NA
"1000402","10004020013","新竹縣","10004","10004020","竹東鎮","仁愛里","竹北市*、竹東鎮、橫山鄉、北埔鄉、寶山鄉、峨眉鄉、五峰鄉",NA
"1000402","10004020014","新竹縣","10004","10004020","竹東鎮","五豐里","竹北市*、竹東鎮、橫山鄉、北埔鄉、寶山鄉、峨眉鄉、五峰鄉",NA
"1000402","10004020015","新竹縣","10004","10004020","竹東鎮","三重里","竹北市*、竹東鎮、橫山鄉、北埔鄉、寶山鄉、峨眉鄉、五峰鄉",NA
"1000402","10004020016","新竹縣","10004","10004020","竹東鎮","頭重里","竹北市*、竹東鎮、橫山鄉、北埔鄉、寶山鄉、峨眉鄉、五峰鄉",NA
"1000402","10004020017","新竹縣","10004","10004020","竹東鎮","員山里","竹北市*、竹東鎮、橫山鄉、北埔鄉、寶山鄉、峨眉鄉、五峰鄉",NA
"1000402","10004020018","新竹縣","10004","10004020","竹東鎮","柯湖里","竹北市*、竹東鎮、橫山鄉、北埔鄉、寶山鄉、峨眉鄉、五峰鄉",NA
"1000402","10004020019","新竹縣","10004","10004020","竹東鎮","二重里","竹北市*、竹東鎮、橫山鄉、北埔鄉、寶山鄉、峨眉鄉、五峰鄉",NA
"1000402","10004020020","新竹縣","10004","10004020","竹東鎮","中山里","竹北市*、竹東鎮、橫山鄉、北埔鄉、寶山鄉、峨眉鄉、五峰鄉",NA
"1000402","10004020021","新竹縣","10004","10004020","竹東鎮","中正里","竹北市*、竹東鎮、橫山鄉、北埔鄉、寶山鄉、峨眉鄉、五峰鄉",NA
"1000402","10004020022","新竹縣","10004","10004020","竹東鎮","南華里","竹北市*、竹東鎮、橫山鄉、北埔鄉、寶山鄉、峨眉鄉、五峰鄉",NA
"1000402","10004020023","新竹縣","10004","10004020","竹東鎮","榮華里","竹北市*、竹東鎮、橫山鄉、北埔鄉、寶山鄉、峨眉鄉、五峰鄉",NA
"1000402","10004020024","新竹縣","10004","10004020","竹東鎮","忠孝里","竹北市*、竹東鎮、橫山鄉、北埔鄉、寶山鄉、峨眉鄉、五峰鄉",NA
"1000402","10004020025","新竹縣","10004","10004020","竹東鎮","陸豐里","竹北市*、竹東鎮、橫山鄉、北埔鄉、寶山鄉、峨眉鄉、五峰鄉",NA
"1000402","10004080001","新竹縣","10004","10004080","橫山鄉","橫山村","竹北市*、竹東鎮、橫山鄉、北埔鄉、寶山鄉、峨眉鄉、五峰鄉",NA
"1000402","10004080002","新竹縣","10004","10004080","橫山鄉","田寮村","竹北市*、竹東鎮、橫山鄉、北埔鄉、寶山鄉、峨眉鄉、五峰鄉",NA
"1000402","10004080003","新竹縣","10004","10004080","橫山鄉","南昌村","竹北市*、竹東鎮、橫山鄉、北埔鄉、寶山鄉、峨眉鄉、五峰鄉",NA
"1000402","10004080004","新竹縣","10004","10004080","橫山鄉","豐鄉村","竹北市*、竹東鎮、橫山鄉、北埔鄉、寶山鄉、峨眉鄉、五峰鄉",NA
"1000402","10004080005","新竹縣","10004","10004080","橫山鄉","豐田村","竹北市*、竹東鎮、橫山鄉、北埔鄉、寶山鄉、峨眉鄉、五峰鄉",NA
"1000402","10004080006","新竹縣","10004","10004080","橫山鄉","內灣村","竹北市*、竹東鎮、橫山鄉、北埔鄉、寶山鄉、峨眉鄉、五峰鄉",NA
"1000402","10004080007","新竹縣","10004","10004080","橫山鄉","福興村","竹北市*、竹東鎮、橫山鄉、北埔鄉、寶山鄉、峨眉鄉、五峰鄉",NA
"1000402","10004080008","新竹縣","10004","10004080","橫山鄉","沙坑村","竹北市*、竹東鎮、橫山鄉、北埔鄉、寶山鄉、峨眉鄉、五峰鄉",NA
"1000402","10004080009","新竹縣","10004","10004080","橫山鄉","新興村","竹北市*、竹東鎮、橫山鄉、北埔鄉、寶山鄉、峨眉鄉、五峰鄉",NA
"1000402","10004080010","新竹縣","10004","10004080","橫山鄉","大肚村","竹北市*、竹東鎮、橫山鄉、北埔鄉、寶山鄉、峨眉鄉、五峰鄉",NA
"1000402","10004080011","新竹縣","10004","10004080","橫山鄉","力行村","竹北市*、竹東鎮、橫山鄉、北埔鄉、寶山鄉、峨眉鄉、五峰鄉",NA
"1000402","10004090001","新竹縣","10004","10004090","北埔鄉","北埔村","竹北市*、竹東鎮、橫山鄉、北埔鄉、寶山鄉、峨眉鄉、五峰鄉",NA
"1000402","10004090002","新竹縣","10004","10004090","北埔鄉","南興村","竹北市*、竹東鎮、橫山鄉、北埔鄉、寶山鄉、峨眉鄉、五峰鄉",NA
"1000402","10004090003","新竹縣","10004","10004090","北埔鄉","埔尾村","竹北市*、竹東鎮、橫山鄉、北埔鄉、寶山鄉、峨眉鄉、五峰鄉",NA
"1000402","10004090004","新竹縣","10004","10004090","北埔鄉","水磜村","竹北市*、竹東鎮、橫山鄉、北埔鄉、寶山鄉、峨眉鄉、五峰鄉",NA
"1000402","10004090005","新竹縣","10004","10004090","北埔鄉","南埔村","竹北市*、竹東鎮、橫山鄉、北埔鄉、寶山鄉、峨眉鄉、五峰鄉",NA
"1000402","10004090006","新竹縣","10004","10004090","北埔鄉","大林村","竹北市*、竹東鎮、橫山鄉、北埔鄉、寶山鄉、峨眉鄉、五峰鄉",NA
"1000402","10004090007","新竹縣","10004","10004090","北埔鄉","大湖村","竹北市*、竹東鎮、橫山鄉、北埔鄉、寶山鄉、峨眉鄉、五峰鄉",NA
"1000402","10004090008","新竹縣","10004","10004090","北埔鄉","南坑村","竹北市*、竹東鎮、橫山鄉、北埔鄉、寶山鄉、峨眉鄉、五峰鄉",NA
"1000402","10004090009","新竹縣","10004","10004090","北埔鄉","外坪村","竹北市*、竹東鎮、橫山鄉、北埔鄉、寶山鄉、峨眉鄉、五峰鄉",NA
"1000402","10004100001","新竹縣","10004","10004100","寶山鄉","雙溪村","竹北市*、竹東鎮、橫山鄉、北埔鄉、寶山鄉、峨眉鄉、五峰鄉",NA
"1000402","10004100002","新竹縣","10004","10004100","寶山鄉","大崎村","竹北市*、竹東鎮、橫山鄉、北埔鄉、寶山鄉、峨眉鄉、五峰鄉",NA
"1000402","10004100003","新竹縣","10004","10004100","寶山鄉","三峰村","竹北市*、竹東鎮、橫山鄉、北埔鄉、寶山鄉、峨眉鄉、五峰鄉",NA
"1000402","10004100004","新竹縣","10004","10004100","寶山鄉","新城村","竹北市*、竹東鎮、橫山鄉、北埔鄉、寶山鄉、峨眉鄉、五峰鄉",NA
"1000402","10004100005","新竹縣","10004","10004100","寶山鄉","深井村","竹北市*、竹東鎮、橫山鄉、北埔鄉、寶山鄉、峨眉鄉、五峰鄉",NA
"1000402","10004100006","新竹縣","10004","10004100","寶山鄉","寶斗村","竹北市*、竹東鎮、橫山鄉、北埔鄉、寶山鄉、峨眉鄉、五峰鄉",NA
"1000402","10004100007","新竹縣","10004","10004100","寶山鄉","山湖村","竹北市*、竹東鎮、橫山鄉、北埔鄉、寶山鄉、峨眉鄉、五峰鄉",NA
"1000402","10004100008","新竹縣","10004","10004100","寶山鄉","寶山村","竹北市*、竹東鎮、橫山鄉、北埔鄉、寶山鄉、峨眉鄉、五峰鄉",NA
"1000402","10004100009","新竹縣","10004","10004100","寶山鄉","油田村","竹北市*、竹東鎮、橫山鄉、北埔鄉、寶山鄉、峨眉鄉、五峰鄉",NA
"1000402","10004100010","新竹縣","10004","10004100","寶山鄉","雙新村","竹北市*、竹東鎮、橫山鄉、北埔鄉、寶山鄉、峨眉鄉、五峰鄉",NA
"1000402","10004110001","新竹縣","10004","10004110","峨眉鄉","峨眉村","竹北市*、竹東鎮、橫山鄉、北埔鄉、寶山鄉、峨眉鄉、五峰鄉",NA
"1000402","10004110002","新竹縣","10004","10004110","峨眉鄉","中盛村","竹北市*、竹東鎮、橫山鄉、北埔鄉、寶山鄉、峨眉鄉、五峰鄉",NA
"1000402","10004110003","新竹縣","10004","10004110","峨眉鄉","石井村","竹北市*、竹東鎮、橫山鄉、北埔鄉、寶山鄉、峨眉鄉、五峰鄉",NA
"1000402","10004110004","新竹縣","10004","10004110","峨眉鄉","富興村","竹北市*、竹東鎮、橫山鄉、北埔鄉、寶山鄉、峨眉鄉、五峰鄉",NA
"1000402","10004110005","新竹縣","10004","10004110","峨眉鄉","七星村","竹北市*、竹東鎮、橫山鄉、北埔鄉、寶山鄉、峨眉鄉、五峰鄉",NA
"1000402","10004110006","新竹縣","10004","10004110","峨眉鄉","湖光村","竹北市*、竹東鎮、橫山鄉、北埔鄉、寶山鄉、峨眉鄉、五峰鄉",NA
"1000402","10004130001","新竹縣","10004","10004130","五峰鄉","大隘村","竹北市*、竹東鎮、橫山鄉、北埔鄉、寶山鄉、峨眉鄉、五峰鄉",NA
"1000402","10004130002","新竹縣","10004","10004130","五峰鄉","花園村","竹北市*、竹東鎮、橫山鄉、北埔鄉、寶山鄉、峨眉鄉、五峰鄉",NA
"1000402","10004130003","新竹縣","10004","10004130","五峰鄉","竹林村","竹北市*、竹東鎮、橫山鄉、北埔鄉、寶山鄉、峨眉鄉、五峰鄉",NA
"1000402","10004130004","新竹縣","10004","10004130","五峰鄉","桃山村","竹北市*、竹東鎮、橫山鄉、北埔鄉、寶山鄉、峨眉鄉、五峰鄉",NA
"1000801","10008020001","南投縣","10008","10008020","埔里鎮","東門里","埔里鎮、草屯鎮、中寮鄉、魚池鄉、國姓鄉、仁愛鄉",NA
"1000801","10008020002","南投縣","10008","10008020","埔里鎮","南門里","埔里鎮、草屯鎮、中寮鄉、魚池鄉、國姓鄉、仁愛鄉",NA
"1000801","10008020003","南投縣","10008","10008020","埔里鎮","西門里","埔里鎮、草屯鎮、中寮鄉、魚池鄉、國姓鄉、仁愛鄉",NA
"1000801","10008020004","南投縣","10008","10008020","埔里鎮","北門里","埔里鎮、草屯鎮、中寮鄉、魚池鄉、國姓鄉、仁愛鄉",NA
"1000801","10008020005","南投縣","10008","10008020","埔里鎮","同聲里","埔里鎮、草屯鎮、中寮鄉、魚池鄉、國姓鄉、仁愛鄉",NA
"1000801","10008020006","南投縣","10008","10008020","埔里鎮","薰化里","埔里鎮、草屯鎮、中寮鄉、魚池鄉、國姓鄉、仁愛鄉",NA
"1000801","10008020007","南投縣","10008","10008020","埔里鎮","清新里","埔里鎮、草屯鎮、中寮鄉、魚池鄉、國姓鄉、仁愛鄉",NA
"1000801","10008020008","南投縣","10008","10008020","埔里鎮","大城里","埔里鎮、草屯鎮、中寮鄉、魚池鄉、國姓鄉、仁愛鄉",NA
"1000801","10008020009","南投縣","10008","10008020","埔里鎮","籃城里","埔里鎮、草屯鎮、中寮鄉、魚池鄉、國姓鄉、仁愛鄉",NA
"1000801","10008020010","南投縣","10008","10008020","埔里鎮","枇杷里","埔里鎮、草屯鎮、中寮鄉、魚池鄉、國姓鄉、仁愛鄉",NA
"1000801","10008020011","南投縣","10008","10008020","埔里鎮","水頭里","埔里鎮、草屯鎮、中寮鄉、魚池鄉、國姓鄉、仁愛鄉",NA
"1000801","10008020012","南投縣","10008","10008020","埔里鎮","麒麟里","埔里鎮、草屯鎮、中寮鄉、魚池鄉、國姓鄉、仁愛鄉",NA
"1000801","10008020013","南投縣","10008","10008020","埔里鎮","珠格里","埔里鎮、草屯鎮、中寮鄉、魚池鄉、國姓鄉、仁愛鄉",NA
"1000801","10008020014","南投縣","10008","10008020","埔里鎮","溪南里","埔里鎮、草屯鎮、中寮鄉、魚池鄉、國姓鄉、仁愛鄉",NA
"1000801","10008020015","南投縣","10008","10008020","埔里鎮","桃米里","埔里鎮、草屯鎮、中寮鄉、魚池鄉、國姓鄉、仁愛鄉",NA
"1000801","10008020016","南投縣","10008","10008020","埔里鎮","成功里","埔里鎮、草屯鎮、中寮鄉、魚池鄉、國姓鄉、仁愛鄉",NA
"1000801","10008020017","南投縣","10008","10008020","埔里鎮","南村里","埔里鎮、草屯鎮、中寮鄉、魚池鄉、國姓鄉、仁愛鄉",NA
"1000801","10008020018","南投縣","10008","10008020","埔里鎮","愛蘭里","埔里鎮、草屯鎮、中寮鄉、魚池鄉、國姓鄉、仁愛鄉",NA
"1000801","10008020019","南投縣","10008","10008020","埔里鎮","鐵山里","埔里鎮、草屯鎮、中寮鄉、魚池鄉、國姓鄉、仁愛鄉",NA
"1000801","10008020020","南投縣","10008","10008020","埔里鎮","房里里","埔里鎮、草屯鎮、中寮鄉、魚池鄉、國姓鄉、仁愛鄉",NA
"1000801","10008020021","南投縣","10008","10008020","埔里鎮","向善里","埔里鎮、草屯鎮、中寮鄉、魚池鄉、國姓鄉、仁愛鄉",NA
"1000801","10008020022","南投縣","10008","10008020","埔里鎮","一新里","埔里鎮、草屯鎮、中寮鄉、魚池鄉、國姓鄉、仁愛鄉",NA
"1000801","10008020023","南投縣","10008","10008020","埔里鎮","廣成里","埔里鎮、草屯鎮、中寮鄉、魚池鄉、國姓鄉、仁愛鄉",NA
"1000801","10008020024","南投縣","10008","10008020","埔里鎮","史港里","埔里鎮、草屯鎮、中寮鄉、魚池鄉、國姓鄉、仁愛鄉",NA
"1000801","10008020025","南投縣","10008","10008020","埔里鎮","福興里","埔里鎮、草屯鎮、中寮鄉、魚池鄉、國姓鄉、仁愛鄉",NA
"1000801","10008020026","南投縣","10008","10008020","埔里鎮","牛眠里","埔里鎮、草屯鎮、中寮鄉、魚池鄉、國姓鄉、仁愛鄉",NA
"1000801","10008020027","南投縣","10008","10008020","埔里鎮","大湳里","埔里鎮、草屯鎮、中寮鄉、魚池鄉、國姓鄉、仁愛鄉",NA
"1000801","10008020028","南投縣","10008","10008020","埔里鎮","蜈蚣里","埔里鎮、草屯鎮、中寮鄉、魚池鄉、國姓鄉、仁愛鄉",NA
"1000801","10008020029","南投縣","10008","10008020","埔里鎮","合成里","埔里鎮、草屯鎮、中寮鄉、魚池鄉、國姓鄉、仁愛鄉",NA
"1000801","10008020030","南投縣","10008","10008020","埔里鎮","北安里","埔里鎮、草屯鎮、中寮鄉、魚池鄉、國姓鄉、仁愛鄉",NA
"1000801","10008020031","南投縣","10008","10008020","埔里鎮","杷城里","埔里鎮、草屯鎮、中寮鄉、魚池鄉、國姓鄉、仁愛鄉",NA
"1000801","10008020032","南投縣","10008","10008020","埔里鎮","北梅里","埔里鎮、草屯鎮、中寮鄉、魚池鄉、國姓鄉、仁愛鄉",NA
"1000801","10008020033","南投縣","10008","10008020","埔里鎮","泰安里","埔里鎮、草屯鎮、中寮鄉、魚池鄉、國姓鄉、仁愛鄉",NA
"1000801","10008030001","南投縣","10008","10008030","草屯鎮","玉峰里","埔里鎮、草屯鎮、中寮鄉、魚池鄉、國姓鄉、仁愛鄉",NA
"1000801","10008030002","南投縣","10008","10008030","草屯鎮","炎峰里","埔里鎮、草屯鎮、中寮鄉、魚池鄉、國姓鄉、仁愛鄉",NA
"1000801","10008030003","南投縣","10008","10008030","草屯鎮","和平里","埔里鎮、草屯鎮、中寮鄉、魚池鄉、國姓鄉、仁愛鄉",NA
"1000801","10008030004","南投縣","10008","10008030","草屯鎮","敦和里","埔里鎮、草屯鎮、中寮鄉、魚池鄉、國姓鄉、仁愛鄉",NA
"1000801","10008030005","南投縣","10008","10008030","草屯鎮","山腳里","埔里鎮、草屯鎮、中寮鄉、魚池鄉、國姓鄉、仁愛鄉",NA
"1000801","10008030006","南投縣","10008","10008030","草屯鎮","富寮里","埔里鎮、草屯鎮、中寮鄉、魚池鄉、國姓鄉、仁愛鄉",NA
"1000801","10008030007","南投縣","10008","10008030","草屯鎮","御史里","埔里鎮、草屯鎮、中寮鄉、魚池鄉、國姓鄉、仁愛鄉",NA
"1000801","10008030008","南投縣","10008","10008030","草屯鎮","新豐里","埔里鎮、草屯鎮、中寮鄉、魚池鄉、國姓鄉、仁愛鄉",NA
"1000801","10008030009","南投縣","10008","10008030","草屯鎮","碧峰里","埔里鎮、草屯鎮、中寮鄉、魚池鄉、國姓鄉、仁愛鄉",NA
"1000801","10008030010","南投縣","10008","10008030","草屯鎮","碧洲里","埔里鎮、草屯鎮、中寮鄉、魚池鄉、國姓鄉、仁愛鄉",NA
"1000801","10008030011","南投縣","10008","10008030","草屯鎮","復興里","埔里鎮、草屯鎮、中寮鄉、魚池鄉、國姓鄉、仁愛鄉",NA
"1000801","10008030012","南投縣","10008","10008030","草屯鎮","上林里","埔里鎮、草屯鎮、中寮鄉、魚池鄉、國姓鄉、仁愛鄉",NA
"1000801","10008030013","南投縣","10008","10008030","草屯鎮","新庄里","埔里鎮、草屯鎮、中寮鄉、魚池鄉、國姓鄉、仁愛鄉",NA
"1000801","10008030014","南投縣","10008","10008030","草屯鎮","北投里","埔里鎮、草屯鎮、中寮鄉、魚池鄉、國姓鄉、仁愛鄉",NA
"1000801","10008030015","南投縣","10008","10008030","草屯鎮","石川里","埔里鎮、草屯鎮、中寮鄉、魚池鄉、國姓鄉、仁愛鄉",NA
"1000801","10008030016","南投縣","10008","10008030","草屯鎮","加老里","埔里鎮、草屯鎮、中寮鄉、魚池鄉、國姓鄉、仁愛鄉",NA
"1000801","10008030017","南投縣","10008","10008030","草屯鎮","北勢里","埔里鎮、草屯鎮、中寮鄉、魚池鄉、國姓鄉、仁愛鄉",NA
"1000801","10008030018","南投縣","10008","10008030","草屯鎮","中原里","埔里鎮、草屯鎮、中寮鄉、魚池鄉、國姓鄉、仁愛鄉",NA
"1000801","10008030019","南投縣","10008","10008030","草屯鎮","南埔里","埔里鎮、草屯鎮、中寮鄉、魚池鄉、國姓鄉、仁愛鄉",NA
"1000801","10008030020","南投縣","10008","10008030","草屯鎮","土城里","埔里鎮、草屯鎮、中寮鄉、魚池鄉、國姓鄉、仁愛鄉",NA
"1000801","10008030021","南投縣","10008","10008030","草屯鎮","坪頂里","埔里鎮、草屯鎮、中寮鄉、魚池鄉、國姓鄉、仁愛鄉",NA
"1000801","10008030022","南投縣","10008","10008030","草屯鎮","雙冬里","埔里鎮、草屯鎮、中寮鄉、魚池鄉、國姓鄉、仁愛鄉",NA
"1000801","10008030023","南投縣","10008","10008030","草屯鎮","平林里","埔里鎮、草屯鎮、中寮鄉、魚池鄉、國姓鄉、仁愛鄉",NA
"1000801","10008030024","南投縣","10008","10008030","草屯鎮","中正里","埔里鎮、草屯鎮、中寮鄉、魚池鄉、國姓鄉、仁愛鄉",NA
"1000801","10008030025","南投縣","10008","10008030","草屯鎮","中山里","埔里鎮、草屯鎮、中寮鄉、魚池鄉、國姓鄉、仁愛鄉",NA
"1000801","10008030026","南投縣","10008","10008030","草屯鎮","明正里","埔里鎮、草屯鎮、中寮鄉、魚池鄉、國姓鄉、仁愛鄉",NA
"1000801","10008030027","南投縣","10008","10008030","草屯鎮","新厝里","埔里鎮、草屯鎮、中寮鄉、魚池鄉、國姓鄉、仁愛鄉",NA
"1000801","10008080001","南投縣","10008","10008080","中寮鄉","廣興村","埔里鎮、草屯鎮、中寮鄉、魚池鄉、國姓鄉、仁愛鄉",NA
"1000801","10008080002","南投縣","10008","10008080","中寮鄉","崁頂村","埔里鎮、草屯鎮、中寮鄉、魚池鄉、國姓鄉、仁愛鄉",NA
"1000801","10008080003","南投縣","10008","10008080","中寮鄉","八仙村","埔里鎮、草屯鎮、中寮鄉、魚池鄉、國姓鄉、仁愛鄉",NA
"1000801","10008080004","南投縣","10008","10008080","中寮鄉","和興村","埔里鎮、草屯鎮、中寮鄉、魚池鄉、國姓鄉、仁愛鄉",NA
"1000801","10008080005","南投縣","10008","10008080","中寮鄉","福盛村","埔里鎮、草屯鎮、中寮鄉、魚池鄉、國姓鄉、仁愛鄉",NA
"1000801","10008080006","南投縣","10008","10008080","中寮鄉","永平村","埔里鎮、草屯鎮、中寮鄉、魚池鄉、國姓鄉、仁愛鄉",NA
"1000801","10008080007","南投縣","10008","10008080","中寮鄉","復興村","埔里鎮、草屯鎮、中寮鄉、魚池鄉、國姓鄉、仁愛鄉",NA
"1000801","10008080008","南投縣","10008","10008080","中寮鄉","中寮村","埔里鎮、草屯鎮、中寮鄉、魚池鄉、國姓鄉、仁愛鄉",NA
"1000801","10008080009","南投縣","10008","10008080","中寮鄉","廣福村","埔里鎮、草屯鎮、中寮鄉、魚池鄉、國姓鄉、仁愛鄉",NA
"1000801","10008080010","南投縣","10008","10008080","中寮鄉","永福村","埔里鎮、草屯鎮、中寮鄉、魚池鄉、國姓鄉、仁愛鄉",NA
"1000801","10008080011","南投縣","10008","10008080","中寮鄉","義和村","埔里鎮、草屯鎮、中寮鄉、魚池鄉、國姓鄉、仁愛鄉",NA
"1000801","10008080012","南投縣","10008","10008080","中寮鄉","清水村","埔里鎮、草屯鎮、中寮鄉、魚池鄉、國姓鄉、仁愛鄉",NA
"1000801","10008080013","南投縣","10008","10008080","中寮鄉","龍安村","埔里鎮、草屯鎮、中寮鄉、魚池鄉、國姓鄉、仁愛鄉",NA
"1000801","10008080014","南投縣","10008","10008080","中寮鄉","龍岩村","埔里鎮、草屯鎮、中寮鄉、魚池鄉、國姓鄉、仁愛鄉",NA
"1000801","10008080015","南投縣","10008","10008080","中寮鄉","永和村","埔里鎮、草屯鎮、中寮鄉、魚池鄉、國姓鄉、仁愛鄉",NA
"1000801","10008080016","南投縣","10008","10008080","中寮鄉","內城村","埔里鎮、草屯鎮、中寮鄉、魚池鄉、國姓鄉、仁愛鄉",NA
"1000801","10008080017","南投縣","10008","10008080","中寮鄉","永芳村","埔里鎮、草屯鎮、中寮鄉、魚池鄉、國姓鄉、仁愛鄉",NA
"1000801","10008080018","南投縣","10008","10008080","中寮鄉","爽文村","埔里鎮、草屯鎮、中寮鄉、魚池鄉、國姓鄉、仁愛鄉",NA
"1000801","10008090001","南投縣","10008","10008090","魚池鄉","東池村","埔里鎮、草屯鎮、中寮鄉、魚池鄉、國姓鄉、仁愛鄉",NA
"1000801","10008090002","南投縣","10008","10008090","魚池鄉","魚池村","埔里鎮、草屯鎮、中寮鄉、魚池鄉、國姓鄉、仁愛鄉",NA
"1000801","10008090003","南投縣","10008","10008090","魚池鄉","中明村","埔里鎮、草屯鎮、中寮鄉、魚池鄉、國姓鄉、仁愛鄉",NA
"1000801","10008090004","南投縣","10008","10008090","魚池鄉","新城村","埔里鎮、草屯鎮、中寮鄉、魚池鄉、國姓鄉、仁愛鄉",NA
"1000801","10008090005","南投縣","10008","10008090","魚池鄉","大林村","埔里鎮、草屯鎮、中寮鄉、魚池鄉、國姓鄉、仁愛鄉",NA
"1000801","10008090006","南投縣","10008","10008090","魚池鄉","東光村","埔里鎮、草屯鎮、中寮鄉、魚池鄉、國姓鄉、仁愛鄉",NA
"1000801","10008090007","南投縣","10008","10008090","魚池鄉","共和村","埔里鎮、草屯鎮、中寮鄉、魚池鄉、國姓鄉、仁愛鄉",NA
"1000801","10008090008","南投縣","10008","10008090","魚池鄉","大雁村","埔里鎮、草屯鎮、中寮鄉、魚池鄉、國姓鄉、仁愛鄉",NA
"1000801","10008090009","南投縣","10008","10008090","魚池鄉","五城村","埔里鎮、草屯鎮、中寮鄉、魚池鄉、國姓鄉、仁愛鄉",NA
"1000801","10008090010","南投縣","10008","10008090","魚池鄉","水社村","埔里鎮、草屯鎮、中寮鄉、魚池鄉、國姓鄉、仁愛鄉",NA
"1000801","10008090011","南投縣","10008","10008090","魚池鄉","頭社村","埔里鎮、草屯鎮、中寮鄉、魚池鄉、國姓鄉、仁愛鄉",NA
"1000801","10008090012","南投縣","10008","10008090","魚池鄉","武登村","埔里鎮、草屯鎮、中寮鄉、魚池鄉、國姓鄉、仁愛鄉",NA
"1000801","10008090013","南投縣","10008","10008090","魚池鄉","日月村","埔里鎮、草屯鎮、中寮鄉、魚池鄉、國姓鄉、仁愛鄉",NA
"1000801","10008100001","南投縣","10008","10008100","國姓鄉","國姓村","埔里鎮、草屯鎮、中寮鄉、魚池鄉、國姓鄉、仁愛鄉",NA
"1000801","10008100002","南投縣","10008","10008100","國姓鄉","石門村","埔里鎮、草屯鎮、中寮鄉、魚池鄉、國姓鄉、仁愛鄉",NA
"1000801","10008100003","南投縣","10008","10008100","國姓鄉","大旗村","埔里鎮、草屯鎮、中寮鄉、魚池鄉、國姓鄉、仁愛鄉",NA
"1000801","10008100004","南投縣","10008","10008100","國姓鄉","北港村","埔里鎮、草屯鎮、中寮鄉、魚池鄉、國姓鄉、仁愛鄉",NA
"1000801","10008100005","南投縣","10008","10008100","國姓鄉","長流村","埔里鎮、草屯鎮、中寮鄉、魚池鄉、國姓鄉、仁愛鄉",NA
"1000801","10008100006","南投縣","10008","10008100","國姓鄉","長福村","埔里鎮、草屯鎮、中寮鄉、魚池鄉、國姓鄉、仁愛鄉",NA
"1000801","10008100007","南投縣","10008","10008100","國姓鄉","福龜村","埔里鎮、草屯鎮、中寮鄉、魚池鄉、國姓鄉、仁愛鄉",NA
"1000801","10008100008","南投縣","10008","10008100","國姓鄉","乾溝村","埔里鎮、草屯鎮、中寮鄉、魚池鄉、國姓鄉、仁愛鄉",NA
"1000801","10008100009","南投縣","10008","10008100","國姓鄉","柑林村","埔里鎮、草屯鎮、中寮鄉、魚池鄉、國姓鄉、仁愛鄉",NA
"1000801","10008100010","南投縣","10008","10008100","國姓鄉","北山村","埔里鎮、草屯鎮、中寮鄉、魚池鄉、國姓鄉、仁愛鄉",NA
"1000801","10008100011","南投縣","10008","10008100","國姓鄉","南港村","埔里鎮、草屯鎮、中寮鄉、魚池鄉、國姓鄉、仁愛鄉",NA
"1000801","10008100012","南投縣","10008","10008100","國姓鄉","大石村","埔里鎮、草屯鎮、中寮鄉、魚池鄉、國姓鄉、仁愛鄉",NA
"1000801","10008100013","南投縣","10008","10008100","國姓鄉","長豐村","埔里鎮、草屯鎮、中寮鄉、魚池鄉、國姓鄉、仁愛鄉",NA
"1000801","10008130001","南投縣","10008","10008130","仁愛鄉","法治村","埔里鎮、草屯鎮、中寮鄉、魚池鄉、國姓鄉、仁愛鄉",NA
"1000801","10008130002","南投縣","10008","10008130","仁愛鄉","中正村","埔里鎮、草屯鎮、中寮鄉、魚池鄉、國姓鄉、仁愛鄉",NA
"1000801","10008130003","南投縣","10008","10008130","仁愛鄉","互助村","埔里鎮、草屯鎮、中寮鄉、魚池鄉、國姓鄉、仁愛鄉",NA
"1000801","10008130004","南投縣","10008","10008130","仁愛鄉","新生村","埔里鎮、草屯鎮、中寮鄉、魚池鄉、國姓鄉、仁愛鄉",NA
"1000801","10008130005","南投縣","10008","10008130","仁愛鄉","力行村","埔里鎮、草屯鎮、中寮鄉、魚池鄉、國姓鄉、仁愛鄉",NA
"1000801","10008130006","南投縣","10008","10008130","仁愛鄉","發祥村","埔里鎮、草屯鎮、中寮鄉、魚池鄉、國姓鄉、仁愛鄉",NA
"1000801","10008130008","南投縣","10008","10008130","仁愛鄉","親愛村","埔里鎮、草屯鎮、中寮鄉、魚池鄉、國姓鄉、仁愛鄉",NA
"1000801","10008130009","南投縣","10008","10008130","仁愛鄉","大同村","埔里鎮、草屯鎮、中寮鄉、魚池鄉、國姓鄉、仁愛鄉",NA
"1000801","10008130010","南投縣","10008","10008130","仁愛鄉","南豐村","埔里鎮、草屯鎮、中寮鄉、魚池鄉、國姓鄉、仁愛鄉",NA
"1000801","10008130011","南投縣","10008","10008130","仁愛鄉","春陽村","埔里鎮、草屯鎮、中寮鄉、魚池鄉、國姓鄉、仁愛鄉",NA
"1000801","10008130012","南投縣","10008","10008130","仁愛鄉","精英村","埔里鎮、草屯鎮、中寮鄉、魚池鄉、國姓鄉、仁愛鄉",NA
"1000801","10008130013","南投縣","10008","10008130","仁愛鄉","萬豐村","埔里鎮、草屯鎮、中寮鄉、魚池鄉、國姓鄉、仁愛鄉",NA
"1000801","10008130014","南投縣","10008","10008130","仁愛鄉","榮興村","埔里鎮、草屯鎮、中寮鄉、魚池鄉、國姓鄉、仁愛鄉",NA
"1000801","10008130015","南投縣","10008","10008130","仁愛鄉","翠華村","埔里鎮、草屯鎮、中寮鄉、魚池鄉、國姓鄉、仁愛鄉",NA
"1000801","10008130016","南投縣","10008","10008130","仁愛鄉","都達村","埔里鎮、草屯鎮、中寮鄉、魚池鄉、國姓鄉、仁愛鄉",NA
"1000801","10008130017","南投縣","10008","10008130","仁愛鄉","德鹿谷村","埔里鎮、草屯鎮、中寮鄉、魚池鄉、國姓鄉、仁愛鄉",NA
"1000802","10008010001","南投縣","10008","10008010","南投市","龍泉里","南投市、竹山鎮、集集鎮、名間鄉、鹿谷鄉、水里鄉、信義鄉",NA
"1000802","10008010002","南投縣","10008","10008010","南投市","康壽里","南投市、竹山鎮、集集鎮、名間鄉、鹿谷鄉、水里鄉、信義鄉",NA
"1000802","10008010003","南投縣","10008","10008010","南投市","三民里","南投市、竹山鎮、集集鎮、名間鄉、鹿谷鄉、水里鄉、信義鄉",NA
"1000802","10008010004","南投縣","10008","10008010","南投市","仁和里","南投市、竹山鎮、集集鎮、名間鄉、鹿谷鄉、水里鄉、信義鄉",NA
"1000802","10008010005","南投縣","10008","10008010","南投市","南投里","南投市、竹山鎮、集集鎮、名間鄉、鹿谷鄉、水里鄉、信義鄉",NA
"1000802","10008010006","南投縣","10008","10008010","南投市","彰仁里","南投市、竹山鎮、集集鎮、名間鄉、鹿谷鄉、水里鄉、信義鄉",NA
"1000802","10008010007","南投縣","10008","10008010","南投市","崇文里","南投市、竹山鎮、集集鎮、名間鄉、鹿谷鄉、水里鄉、信義鄉",NA
"1000802","10008010008","南投縣","10008","10008010","南投市","漳興里","南投市、竹山鎮、集集鎮、名間鄉、鹿谷鄉、水里鄉、信義鄉",NA
"1000802","10008010009","南投縣","10008","10008010","南投市","漳和里","南投市、竹山鎮、集集鎮、名間鄉、鹿谷鄉、水里鄉、信義鄉",NA
"1000802","10008010010","南投縣","10008","10008010","南投市","軍功里","南投市、竹山鎮、集集鎮、名間鄉、鹿谷鄉、水里鄉、信義鄉",NA
"1000802","10008010011","南投縣","10008","10008010","南投市","東山里","南投市、竹山鎮、集集鎮、名間鄉、鹿谷鄉、水里鄉、信義鄉",NA
"1000802","10008010012","南投縣","10008","10008010","南投市","平和里","南投市、竹山鎮、集集鎮、名間鄉、鹿谷鄉、水里鄉、信義鄉",NA
"1000802","10008010013","南投縣","10008","10008010","南投市","振興里","南投市、竹山鎮、集集鎮、名間鄉、鹿谷鄉、水里鄉、信義鄉",NA
"1000802","10008010014","南投縣","10008","10008010","南投市","千秋里","南投市、竹山鎮、集集鎮、名間鄉、鹿谷鄉、水里鄉、信義鄉",NA
"1000802","10008010015","南投縣","10008","10008010","南投市","三興里","南投市、竹山鎮、集集鎮、名間鄉、鹿谷鄉、水里鄉、信義鄉",NA
"1000802","10008010016","南投縣","10008","10008010","南投市","三和里","南投市、竹山鎮、集集鎮、名間鄉、鹿谷鄉、水里鄉、信義鄉",NA
"1000802","10008010017","南投縣","10008","10008010","南投市","嘉興里","南投市、竹山鎮、集集鎮、名間鄉、鹿谷鄉、水里鄉、信義鄉",NA
"1000802","10008010018","南投縣","10008","10008010","南投市","嘉和里","南投市、竹山鎮、集集鎮、名間鄉、鹿谷鄉、水里鄉、信義鄉",NA
"1000802","10008010019","南投縣","10008","10008010","南投市","福山里","南投市、竹山鎮、集集鎮、名間鄉、鹿谷鄉、水里鄉、信義鄉",NA
"1000802","10008010020","南投縣","10008","10008010","南投市","永興里","南投市、竹山鎮、集集鎮、名間鄉、鹿谷鄉、水里鄉、信義鄉",NA
"1000802","10008010021","南投縣","10008","10008010","南投市","鳳鳴里","南投市、竹山鎮、集集鎮、名間鄉、鹿谷鄉、水里鄉、信義鄉",NA
"1000802","10008010022","南投縣","10008","10008010","南投市","鳳山里","南投市、竹山鎮、集集鎮、名間鄉、鹿谷鄉、水里鄉、信義鄉",NA
"1000802","10008010023","南投縣","10008","10008010","南投市","平山里","南投市、竹山鎮、集集鎮、名間鄉、鹿谷鄉、水里鄉、信義鄉",NA
"1000802","10008010024","南投縣","10008","10008010","南投市","新興里","南投市、竹山鎮、集集鎮、名間鄉、鹿谷鄉、水里鄉、信義鄉",NA
"1000802","10008010025","南投縣","10008","10008010","南投市","永豐里","南投市、竹山鎮、集集鎮、名間鄉、鹿谷鄉、水里鄉、信義鄉",NA
"1000802","10008010026","南投縣","10008","10008010","南投市","福興里","南投市、竹山鎮、集集鎮、名間鄉、鹿谷鄉、水里鄉、信義鄉",NA
"1000802","10008010027","南投縣","10008","10008010","南投市","營北里","南投市、竹山鎮、集集鎮、名間鄉、鹿谷鄉、水里鄉、信義鄉",NA
"1000802","10008010028","南投縣","10008","10008010","南投市","營南里","南投市、竹山鎮、集集鎮、名間鄉、鹿谷鄉、水里鄉、信義鄉",NA
"1000802","10008010029","南投縣","10008","10008010","南投市","內興里","南投市、竹山鎮、集集鎮、名間鄉、鹿谷鄉、水里鄉、信義鄉",NA
"1000802","10008010030","南投縣","10008","10008010","南投市","內新里","南投市、竹山鎮、集集鎮、名間鄉、鹿谷鄉、水里鄉、信義鄉",NA
"1000802","10008010031","南投縣","10008","10008010","南投市","光華里","南投市、竹山鎮、集集鎮、名間鄉、鹿谷鄉、水里鄉、信義鄉",NA
"1000802","10008010032","南投縣","10008","10008010","南投市","光榮里","南投市、竹山鎮、集集鎮、名間鄉、鹿谷鄉、水里鄉、信義鄉",NA
"1000802","10008010033","南投縣","10008","10008010","南投市","光明里","南投市、竹山鎮、集集鎮、名間鄉、鹿谷鄉、水里鄉、信義鄉",NA
"1000802","10008010034","南投縣","10008","10008010","南投市","光輝里","南投市、竹山鎮、集集鎮、名間鄉、鹿谷鄉、水里鄉、信義鄉",NA
"1000802","10008040001","南投縣","10008","10008040","竹山鎮","竹山里","南投市、竹山鎮、集集鎮、名間鄉、鹿谷鄉、水里鄉、信義鄉",NA
"1000802","10008040002","南投縣","10008","10008040","竹山鎮","中正里","南投市、竹山鎮、集集鎮、名間鄉、鹿谷鄉、水里鄉、信義鄉",NA
"1000802","10008040003","南投縣","10008","10008040","竹山鎮","中山里","南投市、竹山鎮、集集鎮、名間鄉、鹿谷鄉、水里鄉、信義鄉",NA
"1000802","10008040004","南投縣","10008","10008040","竹山鎮","雲林里","南投市、竹山鎮、集集鎮、名間鄉、鹿谷鄉、水里鄉、信義鄉",NA
"1000802","10008040005","南投縣","10008","10008040","竹山鎮","硘󿾨里","南投市、竹山鎮、集集鎮、名間鄉、鹿谷鄉、水里鄉、信義鄉",NA
"1000802","10008040006","南投縣","10008","10008040","竹山鎮","下坪里","南投市、竹山鎮、集集鎮、名間鄉、鹿谷鄉、水里鄉、信義鄉",NA
"1000802","10008040007","南投縣","10008","10008040","竹山鎮","桂林里","南投市、竹山鎮、集集鎮、名間鄉、鹿谷鄉、水里鄉、信義鄉",NA
"1000802","10008040008","南投縣","10008","10008040","竹山鎮","中和里","南投市、竹山鎮、集集鎮、名間鄉、鹿谷鄉、水里鄉、信義鄉",NA
"1000802","10008040009","南投縣","10008","10008040","竹山鎮","中崎里","南投市、竹山鎮、集集鎮、名間鄉、鹿谷鄉、水里鄉、信義鄉",NA
"1000802","10008040010","南投縣","10008","10008040","竹山鎮","德興里","南投市、竹山鎮、集集鎮、名間鄉、鹿谷鄉、水里鄉、信義鄉",NA
"1000802","10008040011","南投縣","10008","10008040","竹山鎮","延平里","南投市、竹山鎮、集集鎮、名間鄉、鹿谷鄉、水里鄉、信義鄉",NA
"1000802","10008040012","南投縣","10008","10008040","竹山鎮","延正里","南投市、竹山鎮、集集鎮、名間鄉、鹿谷鄉、水里鄉、信義鄉",NA
"1000802","10008040013","南投縣","10008","10008040","竹山鎮","延山里","南投市、竹山鎮、集集鎮、名間鄉、鹿谷鄉、水里鄉、信義鄉",NA
"1000802","10008040014","南投縣","10008","10008040","竹山鎮","延和里","南投市、竹山鎮、集集鎮、名間鄉、鹿谷鄉、水里鄉、信義鄉",NA
"1000802","10008040015","南投縣","10008","10008040","竹山鎮","山崇里","南投市、竹山鎮、集集鎮、名間鄉、鹿谷鄉、水里鄉、信義鄉",NA
"1000802","10008040016","南投縣","10008","10008040","竹山鎮","社寮里","南投市、竹山鎮、集集鎮、名間鄉、鹿谷鄉、水里鄉、信義鄉",NA
"1000802","10008040017","南投縣","10008","10008040","竹山鎮","中央里","南投市、竹山鎮、集集鎮、名間鄉、鹿谷鄉、水里鄉、信義鄉",NA
"1000802","10008040018","南投縣","10008","10008040","竹山鎮","富州里","南投市、竹山鎮、集集鎮、名間鄉、鹿谷鄉、水里鄉、信義鄉",NA
"1000802","10008040019","南投縣","10008","10008040","竹山鎮","大鞍里","南投市、竹山鎮、集集鎮、名間鄉、鹿谷鄉、水里鄉、信義鄉",NA
"1000802","10008040020","南投縣","10008","10008040","竹山鎮","田子里","南投市、竹山鎮、集集鎮、名間鄉、鹿谷鄉、水里鄉、信義鄉",NA
"1000802","10008040021","南投縣","10008","10008040","竹山鎮","福興里","南投市、竹山鎮、集集鎮、名間鄉、鹿谷鄉、水里鄉、信義鄉",NA
"1000802","10008040022","南投縣","10008","10008040","竹山鎮","鯉魚里","南投市、竹山鎮、集集鎮、名間鄉、鹿谷鄉、水里鄉、信義鄉",NA
"1000802","10008040023","南投縣","10008","10008040","竹山鎮","瑞竹里","南投市、竹山鎮、集集鎮、名間鄉、鹿谷鄉、水里鄉、信義鄉",NA
"1000802","10008040024","南投縣","10008","10008040","竹山鎮","坪頂里","南投市、竹山鎮、集集鎮、名間鄉、鹿谷鄉、水里鄉、信義鄉",NA
"1000802","10008040025","南投縣","10008","10008040","竹山鎮","桶頭里","南投市、竹山鎮、集集鎮、名間鄉、鹿谷鄉、水里鄉、信義鄉",NA
"1000802","10008040026","南投縣","10008","10008040","竹山鎮","秀林里","南投市、竹山鎮、集集鎮、名間鄉、鹿谷鄉、水里鄉、信義鄉",NA
"1000802","10008040027","南投縣","10008","10008040","竹山鎮","延祥里","南投市、竹山鎮、集集鎮、名間鄉、鹿谷鄉、水里鄉、信義鄉",NA
"1000802","10008040028","南投縣","10008","10008040","竹山鎮","竹圍里","南投市、竹山鎮、集集鎮、名間鄉、鹿谷鄉、水里鄉、信義鄉",NA
"1000802","10008050001","南投縣","10008","10008050","集集鎮","集集里","南投市、竹山鎮、集集鎮、名間鄉、鹿谷鄉、水里鄉、信義鄉",NA
"1000802","10008050002","南投縣","10008","10008050","集集鎮","和平里","南投市、竹山鎮、集集鎮、名間鄉、鹿谷鄉、水里鄉、信義鄉",NA
"1000802","10008050003","南投縣","10008","10008050","集集鎮","林尾里","南投市、竹山鎮、集集鎮、名間鄉、鹿谷鄉、水里鄉、信義鄉",NA
"1000802","10008050004","南投縣","10008","10008050","集集鎮","田寮里","南投市、竹山鎮、集集鎮、名間鄉、鹿谷鄉、水里鄉、信義鄉",NA
"1000802","10008050005","南投縣","10008","10008050","集集鎮","隘寮里","南投市、竹山鎮、集集鎮、名間鄉、鹿谷鄉、水里鄉、信義鄉",NA
"1000802","10008050006","南投縣","10008","10008050","集集鎮","玉映里","南投市、竹山鎮、集集鎮、名間鄉、鹿谷鄉、水里鄉、信義鄉",NA
"1000802","10008050007","南投縣","10008","10008050","集集鎮","吳厝里","南投市、竹山鎮、集集鎮、名間鄉、鹿谷鄉、水里鄉、信義鄉",NA
"1000802","10008050008","南投縣","10008","10008050","集集鎮","八張里","南投市、竹山鎮、集集鎮、名間鄉、鹿谷鄉、水里鄉、信義鄉",NA
"1000802","10008050009","南投縣","10008","10008050","集集鎮","永昌里","南投市、竹山鎮、集集鎮、名間鄉、鹿谷鄉、水里鄉、信義鄉",NA
"1000802","10008050010","南投縣","10008","10008050","集集鎮","富山里","南投市、竹山鎮、集集鎮、名間鄉、鹿谷鄉、水里鄉、信義鄉",NA
"1000802","10008050011","南投縣","10008","10008050","集集鎮","廣明里","南投市、竹山鎮、集集鎮、名間鄉、鹿谷鄉、水里鄉、信義鄉",NA
"1000802","10008060001","南投縣","10008","10008060","名間鄉","南雅村","南投市、竹山鎮、集集鎮、名間鄉、鹿谷鄉、水里鄉、信義鄉",NA
"1000802","10008060002","南投縣","10008","10008060","名間鄉","中正村","南投市、竹山鎮、集集鎮、名間鄉、鹿谷鄉、水里鄉、信義鄉",NA
"1000802","10008060003","南投縣","10008","10008060","名間鄉","中山村","南投市、竹山鎮、集集鎮、名間鄉、鹿谷鄉、水里鄉、信義鄉",NA
"1000802","10008060004","南投縣","10008","10008060","名間鄉","濁水村","南投市、竹山鎮、集集鎮、名間鄉、鹿谷鄉、水里鄉、信義鄉",NA
"1000802","10008060005","南投縣","10008","10008060","名間鄉","炭寮村","南投市、竹山鎮、集集鎮、名間鄉、鹿谷鄉、水里鄉、信義鄉",NA
"1000802","10008060006","南投縣","10008","10008060","名間鄉","新民村","南投市、竹山鎮、集集鎮、名間鄉、鹿谷鄉、水里鄉、信義鄉",NA
"1000802","10008060007","南投縣","10008","10008060","名間鄉","新街村","南投市、竹山鎮、集集鎮、名間鄉、鹿谷鄉、水里鄉、信義鄉",NA
"1000802","10008060008","南投縣","10008","10008060","名間鄉","東湖村","南投市、竹山鎮、集集鎮、名間鄉、鹿谷鄉、水里鄉、信義鄉",NA
"1000802","10008060009","南投縣","10008","10008060","名間鄉","萬丹村","南投市、竹山鎮、集集鎮、名間鄉、鹿谷鄉、水里鄉、信義鄉",NA
"1000802","10008060010","南投縣","10008","10008060","名間鄉","田仔村","南投市、竹山鎮、集集鎮、名間鄉、鹿谷鄉、水里鄉、信義鄉",NA
"1000802","10008060011","南投縣","10008","10008060","名間鄉","大庄村","南投市、竹山鎮、集集鎮、名間鄉、鹿谷鄉、水里鄉、信義鄉",NA
"1000802","10008060012","南投縣","10008","10008060","名間鄉","廍下村","南投市、竹山鎮、集集鎮、名間鄉、鹿谷鄉、水里鄉、信義鄉",NA
"1000802","10008060013","南投縣","10008","10008060","名間鄉","大坑村","南投市、竹山鎮、集集鎮、名間鄉、鹿谷鄉、水里鄉、信義鄉",NA
"1000802","10008060014","南投縣","10008","10008060","名間鄉","竹圍村","南投市、竹山鎮、集集鎮、名間鄉、鹿谷鄉、水里鄉、信義鄉",NA
"1000802","10008060015","南投縣","10008","10008060","名間鄉","赤水村","南投市、竹山鎮、集集鎮、名間鄉、鹿谷鄉、水里鄉、信義鄉",NA
"1000802","10008060016","南投縣","10008","10008060","名間鄉","三崙村","南投市、竹山鎮、集集鎮、名間鄉、鹿谷鄉、水里鄉、信義鄉",NA
"1000802","10008060017","南投縣","10008","10008060","名間鄉","松山村","南投市、竹山鎮、集集鎮、名間鄉、鹿谷鄉、水里鄉、信義鄉",NA
"1000802","10008060018","南投縣","10008","10008060","名間鄉","松柏村","南投市、竹山鎮、集集鎮、名間鄉、鹿谷鄉、水里鄉、信義鄉",NA
"1000802","10008060019","南投縣","10008","10008060","名間鄉","埔中村","南投市、竹山鎮、集集鎮、名間鄉、鹿谷鄉、水里鄉、信義鄉",NA
"1000802","10008060020","南投縣","10008","10008060","名間鄉","崁腳村","南投市、竹山鎮、集集鎮、名間鄉、鹿谷鄉、水里鄉、信義鄉",NA
"1000802","10008060021","南投縣","10008","10008060","名間鄉","新厝村","南投市、竹山鎮、集集鎮、名間鄉、鹿谷鄉、水里鄉、信義鄉",NA
"1000802","10008060022","南投縣","10008","10008060","名間鄉","新光村","南投市、竹山鎮、集集鎮、名間鄉、鹿谷鄉、水里鄉、信義鄉",NA
"1000802","10008060023","南投縣","10008","10008060","名間鄉","仁和村","南投市、竹山鎮、集集鎮、名間鄉、鹿谷鄉、水里鄉、信義鄉",NA
"1000802","10008070001","南投縣","10008","10008070","鹿谷鄉","鹿谷村","南投市、竹山鎮、集集鎮、名間鄉、鹿谷鄉、水里鄉、信義鄉",NA
"1000802","10008070002","南投縣","10008","10008070","鹿谷鄉","初鄉村","南投市、竹山鎮、集集鎮、名間鄉、鹿谷鄉、水里鄉、信義鄉",NA
"1000802","10008070003","南投縣","10008","10008070","鹿谷鄉","彰雅村","南投市、竹山鎮、集集鎮、名間鄉、鹿谷鄉、水里鄉、信義鄉",NA
"1000802","10008070004","南投縣","10008","10008070","鹿谷鄉","廣興村","南投市、竹山鎮、集集鎮、名間鄉、鹿谷鄉、水里鄉、信義鄉",NA
"1000802","10008070005","南投縣","10008","10008070","鹿谷鄉","內湖村","南投市、竹山鎮、集集鎮、名間鄉、鹿谷鄉、水里鄉、信義鄉",NA
"1000802","10008070006","南投縣","10008","10008070","鹿谷鄉","竹林村","南投市、竹山鎮、集集鎮、名間鄉、鹿谷鄉、水里鄉、信義鄉",NA
"1000802","10008070007","南投縣","10008","10008070","鹿谷鄉","竹豐村","南投市、竹山鎮、集集鎮、名間鄉、鹿谷鄉、水里鄉、信義鄉",NA
"1000802","10008070008","南投縣","10008","10008070","鹿谷鄉","和雅村","南投市、竹山鎮、集集鎮、名間鄉、鹿谷鄉、水里鄉、信義鄉",NA
"1000802","10008070009","南投縣","10008","10008070","鹿谷鄉","鳳凰村","南投市、竹山鎮、集集鎮、名間鄉、鹿谷鄉、水里鄉、信義鄉",NA
"1000802","10008070010","南投縣","10008","10008070","鹿谷鄉","永隆村","南投市、竹山鎮、集集鎮、名間鄉、鹿谷鄉、水里鄉、信義鄉",NA
"1000802","10008070011","南投縣","10008","10008070","鹿谷鄉","秀峰村","南投市、竹山鎮、集集鎮、名間鄉、鹿谷鄉、水里鄉、信義鄉",NA
"1000802","10008070012","南投縣","10008","10008070","鹿谷鄉","清水村","南投市、竹山鎮、集集鎮、名間鄉、鹿谷鄉、水里鄉、信義鄉",NA
"1000802","10008070013","南投縣","10008","10008070","鹿谷鄉","瑞田村","南投市、竹山鎮、集集鎮、名間鄉、鹿谷鄉、水里鄉、信義鄉",NA
"1000802","10008110001","南投縣","10008","10008110","水里鄉","水里村","南投市、竹山鎮、集集鎮、名間鄉、鹿谷鄉、水里鄉、信義鄉",NA
"1000802","10008110002","南投縣","10008","10008110","水里鄉","農富村","南投市、竹山鎮、集集鎮、名間鄉、鹿谷鄉、水里鄉、信義鄉",NA
"1000802","10008110003","南投縣","10008","10008110","水里鄉","新城村","南投市、竹山鎮、集集鎮、名間鄉、鹿谷鄉、水里鄉、信義鄉",NA
"1000802","10008110004","南投縣","10008","10008110","水里鄉","中央村","南投市、竹山鎮、集集鎮、名間鄉、鹿谷鄉、水里鄉、信義鄉",NA
"1000802","10008110005","南投縣","10008","10008110","水里鄉","城中村","南投市、竹山鎮、集集鎮、名間鄉、鹿谷鄉、水里鄉、信義鄉",NA
"1000802","10008110006","南投縣","10008","10008110","水里鄉","北埔村","南投市、竹山鎮、集集鎮、名間鄉、鹿谷鄉、水里鄉、信義鄉",NA
"1000802","10008110007","南投縣","10008","10008110","水里鄉","鉅工村","南投市、竹山鎮、集集鎮、名間鄉、鹿谷鄉、水里鄉、信義鄉",NA
"1000802","10008110008","南投縣","10008","10008110","水里鄉","永豐村","南投市、竹山鎮、集集鎮、名間鄉、鹿谷鄉、水里鄉、信義鄉",NA
"1000802","10008110009","南投縣","10008","10008110","水里鄉","頂崁村","南投市、竹山鎮、集集鎮、名間鄉、鹿谷鄉、水里鄉、信義鄉",NA
"1000802","10008110010","南投縣","10008","10008110","水里鄉","車埕村","南投市、竹山鎮、集集鎮、名間鄉、鹿谷鄉、水里鄉、信義鄉",NA
"1000802","10008110011","南投縣","10008","10008110","水里鄉","新興村","南投市、竹山鎮、集集鎮、名間鄉、鹿谷鄉、水里鄉、信義鄉",NA
"1000802","10008110012","南投縣","10008","10008110","水里鄉","新山村","南投市、竹山鎮、集集鎮、名間鄉、鹿谷鄉、水里鄉、信義鄉",NA
"1000802","10008110013","南投縣","10008","10008110","水里鄉","郡坑村","南投市、竹山鎮、集集鎮、名間鄉、鹿谷鄉、水里鄉、信義鄉",NA
"1000802","10008110014","南投縣","10008","10008110","水里鄉","上安村","南投市、竹山鎮、集集鎮、名間鄉、鹿谷鄉、水里鄉、信義鄉",NA
"1000802","10008110015","南投縣","10008","10008110","水里鄉","民和村","南投市、竹山鎮、集集鎮、名間鄉、鹿谷鄉、水里鄉、信義鄉",NA
"1000802","10008110016","南投縣","10008","10008110","水里鄉","永興村","南投市、竹山鎮、集集鎮、名間鄉、鹿谷鄉、水里鄉、信義鄉",NA
"1000802","10008110017","南投縣","10008","10008110","水里鄉","玉峰村","南投市、竹山鎮、集集鎮、名間鄉、鹿谷鄉、水里鄉、信義鄉",NA
"1000802","10008110018","南投縣","10008","10008110","水里鄉","興隆村","南投市、竹山鎮、集集鎮、名間鄉、鹿谷鄉、水里鄉、信義鄉",NA
"1000802","10008110019","南投縣","10008","10008110","水里鄉","南光村","南投市、竹山鎮、集集鎮、名間鄉、鹿谷鄉、水里鄉、信義鄉",NA
"1000802","10008120001","南投縣","10008","10008120","信義鄉","人和村","南投市、竹山鎮、集集鎮、名間鄉、鹿谷鄉、水里鄉、信義鄉",NA
"1000802","10008120002","南投縣","10008","10008120","信義鄉","地利村","南投市、竹山鎮、集集鎮、名間鄉、鹿谷鄉、水里鄉、信義鄉",NA
"1000802","10008120003","南投縣","10008","10008120","信義鄉","潭南村","南投市、竹山鎮、集集鎮、名間鄉、鹿谷鄉、水里鄉、信義鄉",NA
"1000802","10008120004","南投縣","10008","10008120","信義鄉","明德村","南投市、竹山鎮、集集鎮、名間鄉、鹿谷鄉、水里鄉、信義鄉",NA
"1000802","10008120005","南投縣","10008","10008120","信義鄉","愛國村","南投市、竹山鎮、集集鎮、名間鄉、鹿谷鄉、水里鄉、信義鄉",NA
"1000802","10008120006","南投縣","10008","10008120","信義鄉","自強村","南投市、竹山鎮、集集鎮、名間鄉、鹿谷鄉、水里鄉、信義鄉",NA
"1000802","10008120007","南投縣","10008","10008120","信義鄉","羅娜村","南投市、竹山鎮、集集鎮、名間鄉、鹿谷鄉、水里鄉、信義鄉",NA
"1000802","10008120008","南投縣","10008","10008120","信義鄉","望美村","南投市、竹山鎮、集集鎮、名間鄉、鹿谷鄉、水里鄉、信義鄉",NA
"1000802","10008120009","南投縣","10008","10008120","信義鄉","同富村","南投市、竹山鎮、集集鎮、名間鄉、鹿谷鄉、水里鄉、信義鄉",NA
"1000802","10008120010","南投縣","10008","10008120","信義鄉","神木村","南投市、竹山鎮、集集鎮、名間鄉、鹿谷鄉、水里鄉、信義鄉",NA
"1000802","10008120011","南投縣","10008","10008120","信義鄉","東埔村","南投市、竹山鎮、集集鎮、名間鄉、鹿谷鄉、水里鄉、信義鄉",NA
"1000802","10008120012","南投縣","10008","10008120","信義鄉","雙龍村","南投市、竹山鎮、集集鎮、名間鄉、鹿谷鄉、水里鄉、信義鄉",NA
"1000802","10008120013","南投縣","10008","10008120","信義鄉","新鄉村","南投市、竹山鎮、集集鎮、名間鄉、鹿谷鄉、水里鄉、信義鄉",NA
"1000802","10008120014","南投縣","10008","10008120","信義鄉","豐丘村","南投市、竹山鎮、集集鎮、名間鄉、鹿谷鄉、水里鄉、信義鄉",NA
"1000802","10008120015","南投縣","10008","10008120","信義鄉","卡里布安村","南投市、竹山鎮、集集鎮、名間鄉、鹿谷鄉、水里鄉、信義鄉",NA
"1000801","10008090004","南投縣","10008","10008090","魚池鄉","新城村","埔里鎮、草屯鎮、中寮鄉、魚池鄉、國姓鄉、仁愛鄉","A01"
"1000801","10008090007","南投縣","10008","10008090","魚池鄉","共和村","埔里鎮、草屯鎮、中寮鄉、魚池鄉、國姓鄉、仁愛鄉","A01"
